Prolific ID,test
988,GRADUATE,DROPOUT,1694160070.055487,1694160070.740515,1694160129.3316832
3232,GRADUATE,GRADUATE,1694160130.9815092,1694160131.4340758,1694160142.089052
131,DROPOUT,DROPOUT,1694160143.569664,1694160144.4427898,1694160151.91892
