Prolific ID,test
2781,GRADUATE,DROPOUT,1694166648.2908852,1694166648.939589,1694166660.510015
2537,GRADUATE,GRADUATE,1694166662.609041,1694166663.164483,1694166669.1145961
1576,GRADUATE,GRADUATE,1694166670.9308019,1694166671.543796,1694166682.0677729
