Prolific ID,test
3214,GRADUATE,GRADUATE,1694167059.1497128,1694167060.073986,1694167076.435571
3053,GRADUATE,GRADUATE,1694167078.3561332,1694167079.057889,1694167094.3497632
2781,GRADUATE,GRADUATE,1694167095.988471,1694167096.7846029,1694167127.6118422
2537,DROPOUT,DROPOUT,1694167129.429303,1694167129.943294,1694167135.281548
2883,DROPOUT,DROPOUT,1694167136.4855812,1694167137.037144,1694167147.185775
