Prolific ID,test
3232,GRADUATE,GRADUATE,1694167515.2103171,1694167516.02108,1694167544.824468
648,GRADUATE,GRADUATE,1694167546.607318,1694167547.176681,1694167568.809057
2883,GRADUATE,GRADUATE,1694167570.9061272,1694167571.438595,1694167575.906354
266,GRADUATE,GRADUATE,1694167578.069959,1694167578.790903,1694167586.654498
2781,GRADUATE,DROPOUT,1694167588.621004,1694167589.184306,1694167596.4542122
