Prolific ID,test
2791,GRADUATE,1694158314.8653362,1694158315.792236
1576,GRADUATE,1694158319.512501,1694158320.5111182
3575,GRADUATE,1694158326.542072,1694158327.577002
3214,GRADUATE,1694158826.0198479,1694158826.5643919
988,GRADUATE,1694158858.6179142,1694158859.177851
131,GRADUATE,1694159099.710876,1694159100.338026
266,GRADUATE,1694159444.136456,1694159445.073445
3920,GRADUATE,1694159654.246358,1694159654.88859
648,GRADUATE,1694159787.1086211,1694159790.3400698
2781,GRADUATE,1694159919.549936,1694159920.2101068
