Prolific ID,test
3232,GRADUATE,1694166212.392558,1694166215.595998
2781,DROPOUT,1694166267.9475431,1694166268.460562
3053,GRADUATE,1694166272.775331,1694166274.559534
2537,GRADUATE,1694166279.361009,1694166280.4545522
