Prolific ID,test
648,GRADUATE,1694166820.0272589,1694166820.737982
