Prolific ID,test
266,GRADUATE,1694166975.4034429,1694166976.3651898
648,GRADUATE,1694166982.151403,1694166983.252116
2883,GRADUATE,1694166988.973452,1694166989.553813
