Prolific ID,6036c14ba255f8279fd49cf8
2781,DROPOUT,DROPOUT,1694415995.6595194,1694415997.7048562,1694416007.3839738
3214,GRADUATE,GRADUATE,1694416020.244521,1694416020.9298007,1694416035.3687546
3920,DROPOUT,DROPOUT,1694416051.9286895,1694416052.6943178,1694416054.588645
4096,GRADUATE,GRADUATE,1694416065.635664,1694416066.419186,1694416070.158757
2883,DROPOUT,GRADUATE,1694416086.6573431,1694416087.1073568,1694416090.3626757
988,GRADUATE,DROPOUT,1694416096.485725,1694416097.1647496,1694416100.0311096
3232,GRADUATE,GRADUATE,1694416105.3638513,1694416106.9987237,1694416108.6542892
1576,DROPOUT,DROPOUT,1694416115.4122233,1694416116.0257432,1694416117.759744
266,GRADUATE,GRADUATE,1694416132.3410199,1694416132.8238742,1694416135.1516767
2537,GRADUATE,GRADUATE,1694416144.036834,1694416145.1421704,1694416146.710845
131,DROPOUT,DROPOUT,1694416148.6457856,1694416152.3160913,1694416159.3343217
648,GRADUATE,GRADUATE,1694416171.7027118,1694416172.1520605,1694416173.1278155
3575,GRADUATE,GRADUATE,1694416179.388364,1694416181.059097,1694416184.7137413
2791,GRADUATE,GRADUATE,1694416195.163229,1694416195.901288,1694416198.0024314
3053,GRADUATE,GRADUATE,1694416211.1837506,1694416212.4843578,1694416214.4484096
2,YES,Using it for marketing at my job
3,12
know,AGREE
fai_1,AGREE
rel_2,AGREE
fai_4,NEUTRAL
com_2,AGREE
com_3,AGREE
rel_1,AGREE
com_1,AGREE
fai_5,AGREE
fai_3,AGREE
rel_5,AGREE
fai_2,AGREE
com_5,AGREE
