Prolific ID,64ee0dda3d74a530eec9e556
131,GRADUATE,GRADUATE,1694416098.0664883,1694416117.1042533,1694416132.6822863
2781,DROPOUT,DROPOUT,1694416158.5851274,1694416159.2345183,1694416191.6175187
648,DROPOUT,DROPOUT,1694416208.0819137,1694416209.6665657,1694416218.1776183
3575,GRADUATE,DROPOUT,1694416229.3068628,1694416230.3279204,1694416241.2249064
3214,DROPOUT,GRADUATE,1694416255.2373748,1694416255.6669173,1694416264.8805234
1576,DROPOUT,DROPOUT,1694416282.132707,1694416282.6999457,1694416284.7297227
2791,DROPOUT,DROPOUT,1694416298.0174522,1694416298.5190268,1694416310.5211563
988,GRADUATE,DROPOUT,1694416320.7972536,1694416324.08523,1694416347.9895482
3920,GRADUATE,DROPOUT,1694416371.0389643,1694416371.5868216,1694416373.8748195
2883,GRADUATE,GRADUATE,1694416389.2676213,1694416389.9901235,1694416392.3022213
2537,GRADUATE,GRADUATE,1694416404.3025653,1694416405.0477138,1694416407.045415
266,GRADUATE,GRADUATE,1694416418.8766577,1694416419.7736442,1694416421.6500268
4096,GRADUATE,GRADUATE,1694416433.968322,1694416434.4333646,1694416447.0205507
3053,GRADUATE,GRADUATE,1694416465.935589,1694416466.6816869,1694416468.8013132
3232,GRADUATE,GRADUATE,1694416481.516145,1694416482.278369,1694416484.0750997
2,YES,I know chatGBT
3,10
know,AGREE
com_3,AGREE
fai_5,AGREE
fai_2,NEUTRAL
rel_1,NEUTRAL
com_5,AGREE
fai_3,NEUTRAL
fai_1,AGREE
fai_4,AGREE
rel_2,NEUTRAL
com_1,NEUTRAL
com_2,AGREE
rel_5,STRONGLY AGREE
