Prolific ID,60dc321b732fa66d86a17b7b
1576,GRADUATE,DROPOUT,1694416163.828087,1694416166.2534053,1694416198.7827027
2537,GRADUATE,GRADUATE,1694416223.605833,1694416224.76657,1694416230.8131456
131,GRADUATE,GRADUATE,1694416242.1727984,1694416243.0571003,1694416246.4124928
266,GRADUATE,GRADUATE,1694416263.8932133,1694416264.812679,1694416267.92688
4096,GRADUATE,DROPOUT,1694416313.53686,1694416314.1732779,1694416328.6129553
2791,GRADUATE,GRADUATE,1694416337.8323934,1694416338.7824197,1694416340.642848
3053,GRADUATE,GRADUATE,1694416351.936918,1694416352.4575198,1694416360.7925966
3575,GRADUATE,GRADUATE,1694416374.0727046,1694416374.8633475,1694416392.6228817
648,DROPOUT,GRADUATE,1694416423.7285783,1694416424.1775913,1694416435.7032917
3232,GRADUATE,GRADUATE,1694416446.2130315,1694416446.7029595,1694416452.5374637
3920,GRADUATE,GRADUATE,1694416479.3237271,1694416480.2485616,1694416503.5131845
3214,GRADUATE,GRADUATE,1694416516.0428178,1694416516.9031088,1694416523.1581855
988,GRADUATE,GRADUATE,1694416531.1228147,1694416531.7826905,1694416551.2033553
2781,DROPOUT,DROPOUT,1694416570.6831472,1694416571.1128633,1694416574.6030982
2883,DROPOUT,GRADUATE,1694416584.70296,1694416585.75298,1694416597.2828994
2,NO,
3,12
know,AGREE
fai_1,AGREE
fai_3,AGREE
com_1,AGREE
rel_2,AGREE
rel_1,AGREE
rel_5,AGREE
com_5,AGREE
com_2,AGREE
fai_4,AGREE
fai_5,AGREE
com_3,AGREE
fai_2,DISAGREE
