Prolific ID,612b5ed8c3b1fcb978aad0a8
3920,GRADUATE,GRADUATE,1694416163.9450903,1694416165.312268,1694416214.3542776
3214,DROPOUT,DROPOUT,1694416232.863927,1694416233.7128997,1694416240.4645097
1576,DROPOUT,DROPOUT,1694416268.6237164,1694416269.3624315,1694416272.1148508
988,DROPOUT,DROPOUT,1694416283.4306006,1694416283.991637,1694416286.529794
648,GRADUATE,GRADUATE,1694416300.5782418,1694416301.2571266,1694416303.5309722
266,DROPOUT,DROPOUT,1694416309.838908,1694416310.3224814,1694416312.2742314
3575,GRADUATE,GRADUATE,1694416323.9604123,1694416324.6922503,1694416326.881798
3232,DROPOUT,DROPOUT,1694416335.3423696,1694416336.0654247,1694416337.9372926
2883,DROPOUT,DROPOUT,1694416347.5321722,1694416348.1212792,1694416350.225763
131,GRADUATE,GRADUATE,1694416372.7343142,1694416373.5539892,1694416378.6201704
2791,GRADUATE,GRADUATE,1694416388.4401734,1694416389.1855044,1694416391.1241653
2781,GRADUATE,DROPOUT,1694416402.3188546,1694416403.6096704,1694416413.8251827
2537,GRADUATE,GRADUATE,1694416421.238292,1694416422.6267135,1694416425.089567
4096,DROPOUT,DROPOUT,1694416427.7183063,1694416428.6259472,1694416430.8261495
3053,DROPOUT,GRADUATE,1694416433.712418,1694416434.5122523,1694416438.314449
2,YES,yes
3,5
know,NEUTRAL
com_3,NEUTRAL
rel_2,AGREE
rel_5,AGREE
com_5,DISAGREE
fai_3,DISAGREE
com_1,AGREE
fai_5,DISAGREE
fai_2,AGREE
fai_4,DISAGREE
fai_1,AGREE
rel_1,DISAGREE
com_2,DISAGREE
