Prolific ID,5fad8a604de8f00e3bc3d5c1
3920,GRADUATE,DROPOUT,1694420247.768819,1694420250.4664075,1694420280.1399515
3214,GRADUATE,GRADUATE,1694420298.7670352,1694420322.2836275,1694420334.6527097
131,DROPOUT,GRADUATE,1694420351.2253306,1694420352.012797,1694420372.5411098
2791,GRADUATE,GRADUATE,1694420382.4833646,1694420383.5826082,1694420385.6701114
2781,GRADUATE,GRADUATE,1694420397.5327113,1694420398.3824227,1694420406.6317868
266,DROPOUT,DROPOUT,1694420417.9235194,1694420418.5505111,1694420424.1104014
2537,GRADUATE,GRADUATE,1694420442.8687372,1694420443.758036,1694420446.0300155
2883,GRADUATE,GRADUATE,1694420450.179341,1694420453.5997314,1694420455.3663023
648,GRADUATE,GRADUATE,1694420463.691446,1694420464.3434198,1694420466.1584322
4096,GRADUATE,GRADUATE,1694420474.5884976,1694420475.791673,1694420485.8633876
1576,DROPOUT,DROPOUT,1694420503.251903,1694420503.95324,1694420507.8289733
3232,GRADUATE,GRADUATE,1694420526.861208,1694420527.6489437,1694420529.5125706
988,GRADUATE,GRADUATE,1694420592.7446613,1694420594.9001534,1694420596.9695754
3053,GRADUATE,GRADUATE,1694420606.7100723,1694420607.746249,1694420609.4269032
3575,GRADUATE,GRADUATE,1694420623.0871751,1694420623.6741364,1694420635.4272625
2,YES,I've read an articale 
3,10
know,AGREE
rel_5,AGREE
com_5,AGREE
com_2,AGREE
rel_2,AGREE
com_1,STRONGLY AGREE
rel_1,NEUTRAL
com_3,NEUTRAL
fai_5,AGREE
fai_4,NEUTRAL
fai_3,AGREE
fai_2,AGREE
fai_1,NEUTRAL
