Prolific ID,5f043bcfc6d8de66dd56c9a2
2781,GRADUATE,GRADUATE,1694436122.4198895,1694436124.1096745,1694436135.9231782
3053,DROPOUT,GRADUATE,1694436186.3926558,1694436186.7655623,1694436194.2173293
3920,GRADUATE,DROPOUT,1694436219.276871,1694436219.9598231,1694436228.9041593
2883,DROPOUT,DROPOUT,1694436251.9615927,1694436253.7581475,1694436262.1576438
266,GRADUATE,GRADUATE,1694436283.6873975,1694436284.1214209,1694436294.3239963
648,GRADUATE,GRADUATE,1694436315.9695036,1694436316.4443343,1694436318.0553362
3214,GRADUATE,GRADUATE,1694436333.5024884,1694436334.2983975,1694436338.8140304
988,DROPOUT,DROPOUT,1694436357.7591543,1694436358.0590992,1694436363.455482
2537,GRADUATE,GRADUATE,1694436380.5848827,1694436380.91388,1694436384.961695
2791,GRADUATE,GRADUATE,1694436398.3567593,1694436398.6960318,1694436401.2743576
3575,GRADUATE,GRADUATE,1694436416.9155006,1694436417.328728,1694436424.3036644
3232,DROPOUT,GRADUATE,1694436447.5560348,1694436447.8450153,1694436461.1898036
131,DROPOUT,DROPOUT,1694436474.6598008,1694436475.4338653,1694436479.138899
4096,GRADUATE,GRADUATE,1694436495.163384,1694436495.6007617,1694436498.94918
1576,GRADUATE,GRADUATE,1694436511.1020873,1694436511.4918902,1694436514.9102767
2,NO,
3,10
know,AGREE
com_5,AGREE
fai_5,NEUTRAL
com_1,NEUTRAL
rel_5,AGREE
fai_4,AGREE
fai_1,AGREE
rel_2,AGREE
com_2,NEUTRAL
fai_3,NEUTRAL
fai_2,AGREE
com_3,NEUTRAL
rel_1,NEUTRAL
