Prolific ID,60e5ae1dabf4db8c1de4c2c4
266,GRADUATE,GRADUATE,1694436498.4516761,1694436509.7608356,1694436572.547124
988,GRADUATE,GRADUATE,1694437031.3266401,1694437032.5324538,1694437041.9177527
3214,GRADUATE,GRADUATE,1694437424.2115803,1694437736.6822379,1694437739.3008218
648,DROPOUT,DROPOUT,1694438310.4725826,1694438311.4400332,1694438319.8043833
4096,GRADUATE,DROPOUT,1694438476.1159213,1694438477.1658893,1694438492.6601515
2883,DROPOUT,GRADUATE,1694439397.6930814,1694439401.1217587,1694439411.219626
3053,GRADUATE,GRADUATE,1694439431.2603302,1694439432.1316452,1694439434.391547
2537,GRADUATE,GRADUATE,1694439451.6437519,1694439453.2018018,1694439455.2518396
3232,DROPOUT,GRADUATE,1694439481.040322,1694439481.9640114,1694439484.7798235
2781,DROPOUT,DROPOUT,1694439494.5315373,1694439502.7814937,1694439505.3760955
2791,GRADUATE,GRADUATE,1694439528.4524772,1694439530.0795252,1694439532.8460011
1576,GRADUATE,GRADUATE,1694439564.6127343,1694439565.6605072,1694439574.2122538
3575,GRADUATE,GRADUATE,1694439731.316334,1694439732.500136,1694439748.9751182
131,DROPOUT,GRADUATE,1694439774.4128141,1694439776.6125815,1694439779.3404958
3920,DROPOUT,DROPOUT,1694439806.4356997,1694439807.0399194,1694439809.5130851
2,YES,Through Data analysis
3,15
know,AGREE
fai_1,AGREE
com_5,AGREE
rel_5,STRONGLY AGREE
fai_4,NEUTRAL
com_3,AGREE
com_2,DISAGREE
fai_3,AGREE
fai_2,AGREE
com_1,AGREE
rel_1,DISAGREE
fai_5,AGREE
rel_2,AGREE
