Prolific ID,615ae3c2462dcbab1d3af8d3
3920,GRADUATE,GRADUATE,1694436224.4760752,1694436229.1391954,1694436249.2257879
4096,GRADUATE,DROPOUT,1694436301.3241403,1694436302.379829,1694436313.2942185
266,GRADUATE,GRADUATE,1694436327.6794684,1694436329.4387803,1694436337.622153
2883,GRADUATE,GRADUATE,1694436353.1609385,1694436354.0370824,1694436359.0244484
3232,GRADUATE,GRADUATE,1694436383.0356987,1694436384.3072639,1694436390.550056
3053,GRADUATE,GRADUATE,1694436435.839086,1694436437.0321348,1694436446.8160427
648,GRADUATE,GRADUATE,1694436459.2005138,1694436460.9234195,1694436470.1112902
1576,DROPOUT,DROPOUT,1694436521.8958044,1694436522.8439524,1694436526.7702975
3575,GRADUATE,GRADUATE,1694436569.785029,1694436570.6593893,1694436573.578827
2537,GRADUATE,GRADUATE,1694436591.0450752,1694436592.0235372,1694436595.0494604
988,DROPOUT,DROPOUT,1694436635.906351,1694436636.820367,1694436644.8422139
2791,GRADUATE,GRADUATE,1694436685.2639456,1694436686.219747,1694436688.981968
3214,GRADUATE,GRADUATE,1694436716.8494737,1694436717.843032,1694436720.8664577
2781,GRADUATE,DROPOUT,1694436738.2198184,1694436739.1713884,1694436744.9134614
131,GRADUATE,GRADUATE,1694436748.186238,1694436758.709374,1694436761.1709218
2,YES,I've read about it occasionally
3,10
know,AGREE
com_3,NEUTRAL
com_2,NEUTRAL
rel_5,NEUTRAL
rel_1,NEUTRAL
fai_3,AGREE
rel_2,NEUTRAL
com_1,NEUTRAL
fai_2,AGREE
fai_4,DISAGREE
fai_1,AGREE
com_5,AGREE
fai_5,AGREE
