Prolific ID,5f914f1c52c29a01fedec698
648,DROPOUT,GRADUATE,1694436167.0777967,1694436167.8322651,1694436175.5034459
2883,DROPOUT,GRADUATE,1694436187.9058084,1694436188.4966495,1694436195.792445
3053,GRADUATE,GRADUATE,1694436197.988936,1694436198.6403105,1694436204.9922795
3214,GRADUATE,GRADUATE,1694436214.3003738,1694436214.700044,1694436216.71412
3232,DROPOUT,DROPOUT,1694436220.6111634,1694436221.233598,1694436225.2480273
131,GRADUATE,GRADUATE,1694436232.947911,1694436233.3358748,1694436234.597692
988,GRADUATE,DROPOUT,1694436248.5120785,1694436249.040285,1694436259.3221397
3920,DROPOUT,DROPOUT,1694436264.092804,1694436264.4944777,1694436265.5972116
1576,GRADUATE,GRADUATE,1694436270.251425,1694436270.5547025,1694436273.0023267
4096,DROPOUT,DROPOUT,1694436274.3169959,1694436274.6211567,1694436280.1822054
2537,GRADUATE,GRADUATE,1694436284.2467213,1694436284.6707122,1694436286.595658
2791,GRADUATE,GRADUATE,1694436293.8354251,1694436294.6028361,1694436296.104948
266,DROPOUT,DROPOUT,1694436297.4423656,1694436297.8145094,1694436298.7606697
3575,GRADUATE,GRADUATE,1694436300.3589153,1694436301.624684,1694436302.7268934
2781,GRADUATE,DROPOUT,1694436305.172925,1694436305.5782912,1694436308.284797
2,NO,
3,10
know,NEUTRAL
rel_1,NEUTRAL
fai_4,STRONGLY AGREE
fai_3,NEUTRAL
rel_5,STRONGLY AGREE
com_1,NEUTRAL
fai_1,DISAGREE
fai_2,AGREE
com_2,STRONGLY DISAGREE
fai_5,STRONGLY AGREE
com_5,NEUTRAL
com_3,STRONGLY AGREE
rel_2,AGREE
