Prolific ID,610bcdce335f24707a103e91
2537,GRADUATE,GRADUATE,1694436215.8313706,1694436219.3507018,1694436246.546745
2791,GRADUATE,GRADUATE,1694436260.3169096,1694436269.9150276,1694436272.8063872
3575,GRADUATE,GRADUATE,1694436320.1190622,1694436321.3375654,1694436332.7503152
2883,GRADUATE,GRADUATE,1694436371.5015395,1694436372.1173458,1694436383.8105001
648,GRADUATE,GRADUATE,1694436415.7499402,1694436417.2347186,1694436424.7509491
1576,GRADUATE,GRADUATE,1694436454.8003118,1694436455.6985419,1694436464.2076318
4096,GRADUATE,GRADUATE,1694436488.004054,1694436488.942635,1694436495.4500048
3232,DROPOUT,DROPOUT,1694436522.2993965,1694436522.9314857,1694436526.4191642
2781,DROPOUT,DROPOUT,1694436558.4215047,1694436559.135011,1694436562.9512503
266,GRADUATE,GRADUATE,1694436587.1678212,1694436587.8306744,1694436590.4868455
131,DROPOUT,GRADUATE,1694436612.8296034,1694436613.3704603,1694436616.6939147
988,GRADUATE,DROPOUT,1694436644.6046247,1694436645.2349138,1694436648.8843095
3214,GRADUATE,GRADUATE,1694436674.0110028,1694436674.6463299,1694436696.6996422
3920,DROPOUT,DROPOUT,1694436720.8744965,1694436722.0279946,1694436724.6917057
3053,GRADUATE,GRADUATE,1694436747.0712564,1694436747.8709476,1694436750.5802245
2,NO,
3,4
know,STRONGLY AGREE
fai_4,NEUTRAL
fai_2,AGREE
fai_3,AGREE
com_2,AGREE
rel_5,AGREE
com_1,AGREE
com_5,AGREE
rel_1,AGREE
fai_1,AGREE
rel_2,NEUTRAL
fai_5,NEUTRAL
com_3,DISAGREE
