Prolific ID,61453102f1a4a04ad2d84ddb
3575,GRADUATE,DROPOUT,1694436425.2758203,1694436431.0984013,1694436485.8200638
4096,DROPOUT,DROPOUT,1694436570.429806,1694436574.254138,1694436578.254774
3214,GRADUATE,GRADUATE,1694436644.0014791,1694436645.1493733,1694436672.632421
3053,DROPOUT,GRADUATE,1694436708.1514184,1694436709.6607115,1694436755.5558233
2537,GRADUATE,GRADUATE,1694436775.234866,1694436776.6969283,1694436781.7463198
2791,DROPOUT,GRADUATE,1694436818.6792648,1694436820.3033671,1694436834.932069
2883,DROPOUT,GRADUATE,1694436878.969432,1694436880.2914531,1694436892.7215
3920,GRADUATE,DROPOUT,1694436912.9705286,1694436914.8803144,1694436920.2496457
2781,DROPOUT,DROPOUT,1694436979.367459,1694436982.8062644,1694436985.8716998
988,DROPOUT,DROPOUT,1694437020.119773,1694437022.8781135,1694437026.6869051
1576,DROPOUT,DROPOUT,1694437088.0063007,1694437089.369269,1694437093.695216
648,GRADUATE,GRADUATE,1694437142.132895,1694437143.4864712,1694437146.5849228
266,DROPOUT,DROPOUT,1694437180.8995843,1694437182.4376214,1694437185.6342537
131,GRADUATE,GRADUATE,1694437201.482061,1694437203.0046027,1694437206.4845064
3232,GRADUATE,GRADUATE,1694437395.1236813,1694437396.2331817,1694437399.135224
2,YES,Yes, I use ChatGPT
3,5
know,NEUTRAL
fai_5,AGREE
com_2,AGREE
fai_4,AGREE
com_1,AGREE
fai_2,AGREE
rel_2,NEUTRAL
com_5,AGREE
rel_1,AGREE
com_3,AGREE
fai_1,NEUTRAL
rel_5,AGREE
fai_3,AGREE
