Prolific ID,611f6757f935f97babc092c5
2781,DROPOUT,DROPOUT,1694436318.1434057,1694436319.7773592,1694436327.8613675
1576,GRADUATE,GRADUATE,1694436355.4276748,1694436356.64573,1694436362.9026604
3214,GRADUATE,GRADUATE,1694436387.960739,1694436389.293475,1694436398.5804873
3575,GRADUATE,GRADUATE,1694436424.8826823,1694436426.4671135,1694436451.4540677
266,GRADUATE,GRADUATE,1694436479.2089963,1694436480.8794858,1694436488.4921448
131,DROPOUT,GRADUATE,1694436529.6408048,1694436531.4822192,1694436551.4662197
648,GRADUATE,GRADUATE,1694436591.4479325,1694436592.707853,1694436598.9369533
2537,GRADUATE,GRADUATE,1694436617.632162,1694436618.7658284,1694436629.3191772
3920,DROPOUT,DROPOUT,1694436666.302523,1694436667.3365455,1694436674.805212
4096,GRADUATE,GRADUATE,1694436717.746668,1694436719.161061,1694436809.2739348
988,GRADUATE,GRADUATE,1694436876.4824471,1694436878.0233352,1694436892.4809737
3232,GRADUATE,GRADUATE,1694436918.944004,1694436920.6006713,1694436924.1923683
2883,GRADUATE,GRADUATE,1694436959.2738981,1694436960.7194915,1694436963.552084
3053,GRADUATE,GRADUATE,1694436990.7268028,1694436991.8522363,1694436994.3628178
2791,GRADUATE,GRADUATE,1694437016.7267137,1694437018.1299345,1694437020.8104188
2,NO,
3,12
know,NEUTRAL
com_1,NEUTRAL
com_3,AGREE
com_5,NEUTRAL
fai_4,DISAGREE
rel_2,NEUTRAL
fai_5,NEUTRAL
rel_1,NEUTRAL
rel_5,AGREE
fai_3,AGREE
com_2,AGREE
fai_2,AGREE
fai_1,NEUTRAL
