Prolific ID,6131d47f12fba480f3a5b75e
648,GRADUATE,GRADUATE,1694436357.4004962,1694436365.8652155,1694436371.8524334
2791,GRADUATE,GRADUATE,1694436389.5427372,1694436390.6265519,1694436394.297669
3920,GRADUATE,GRADUATE,1694436411.0582623,1694436411.9409153,1694436419.9485478
2883,GRADUATE,GRADUATE,1694436428.7155206,1694436429.5437946,1694436431.9000993
1576,GRADUATE,GRADUATE,1694436446.1616027,1694436447.2764573,1694436457.695136
266,GRADUATE,GRADUATE,1694436484.993884,1694436486.476414,1694436489.3470674
3575,GRADUATE,GRADUATE,1694436494.935571,1694436496.6451104,1694436513.506346
3053,GRADUATE,GRADUATE,1694436523.596439,1694436525.0482788,1694436527.5769255
4096,GRADUATE,GRADUATE,1694436547.6205776,1694436549.1716704,1694436554.0545254
3214,GRADUATE,GRADUATE,1694436621.658377,1694436622.7031176,1694436626.8320866
2537,GRADUATE,GRADUATE,1694436633.2720046,1694436634.3777277,1694436637.0717962
2781,GRADUATE,GRADUATE,1694436667.2556944,1694436777.0389297,1694436893.2738194
131,DROPOUT,GRADUATE,1694436936.0948248,1694436937.469606,1694437012.224132
3232,GRADUATE,GRADUATE,1694437070.7369628,1694437072.0011945,1694437102.3816137
988,GRADUATE,DROPOUT,1694437108.2339666,1694437108.9868484,1694437112.618473
2,YES,Virtual platforms
3,12
know,STRONGLY AGREE
rel_1,AGREE
rel_2,AGREE
com_3,NEUTRAL
rel_5,AGREE
fai_4,DISAGREE
fai_5,AGREE
fai_1,NEUTRAL
com_1,AGREE
com_2,AGREE
fai_2,AGREE
fai_3,NEUTRAL
com_5,AGREE
