Prolific ID,61127b4ee0fc6aac8d202a6d
2883,GRADUATE,GRADUATE,1694436560.3652132,1694436564.00425,1694436586.6531305
266,DROPOUT,GRADUATE,1694436641.2081897,1694436674.2846375,1694436816.7726629
988,DROPOUT,DROPOUT,1694436898.7934022,1694436901.640471,1694436907.872925
2781,DROPOUT,DROPOUT,1694436948.858777,1694436950.4113922,1694436955.8132088
131,GRADUATE,GRADUATE,1694437050.078543,1694437052.4925232,1694437056.9636462
2537,GRADUATE,GRADUATE,1694437122.9476967,1694437127.5527337,1694437132.6277566
3232,GRADUATE,GRADUATE,1694437271.8189988,1694437273.4986904,1694437329.3490362
3920,DROPOUT,DROPOUT,1694437389.8287604,1694437391.5339887,1694437402.043666
4096,GRADUATE,GRADUATE,1694437481.583161,1694437483.7481186,1694437506.1732028
648,GRADUATE,GRADUATE,1694437656.9733002,1694437658.3837867,1694437665.3785691
3053,DROPOUT,GRADUATE,1694437704.4879088,1694437705.6729524,1694437717.7777286
3575,GRADUATE,GRADUATE,1694437769.5478806,1694437771.3981693,1694437787.1183326
3214,GRADUATE,GRADUATE,1694437822.6635087,1694437823.6522381,1694437834.8335276
2791,GRADUATE,GRADUATE,1694437863.358803,1694437864.8934376,1694437876.1189778
1576,DROPOUT,DROPOUT,1694437924.0038943,1694437925.0831418,1694437938.9332757
2,YES,I used chatGPT to improve my paragraph and it was amazing
3,11
know,STRONGLY AGREE
fai_5,AGREE
com_3,AGREE
rel_2,STRONGLY AGREE
com_1,AGREE
rel_5,STRONGLY AGREE
com_5,STRONGLY AGREE
fai_3,STRONGLY AGREE
rel_1,AGREE
fai_2,AGREE
fai_4,DISAGREE
fai_1,AGREE
com_2,STRONGLY AGREE
