Prolific ID,64137cf15dfe79e9ff198054
1576,GRADUATE,DROPOUT,1694465288.6718218,1694465289.7480526,1694465297.377684
2537,GRADUATE,GRADUATE,1694465360.4590483,1694465361.0685625,1694465373.4920974
3232,GRADUATE,GRADUATE,1694465416.9886546,1694465417.2743156,1694465424.9298177
131,GRADUATE,GRADUATE,1694465449.8876898,1694465450.5110836,1694465452.3545547
2781,DROPOUT,DROPOUT,1694465479.2197769,1694465479.9041715,1694465482.352135
3575,GRADUATE,GRADUATE,1694465504.9212635,1694465505.3492353,1694465550.5431342
266,GRADUATE,GRADUATE,1694465566.1214783,1694465566.6116571,1694465567.991866
3920,DROPOUT,DROPOUT,1694465611.6915302,1694465612.1271095,1694465615.9051714
2791,GRADUATE,GRADUATE,1694465640.2291863,1694465640.9804916,1694465645.701085
648,GRADUATE,GRADUATE,1694465666.3061783,1694465666.9501896,1694465668.4843953
988,DROPOUT,DROPOUT,1694465706.5022295,1694465707.0080843,1694465708.384568
2883,GRADUATE,GRADUATE,1694465748.7896967,1694465749.7283187,1694465756.452316
4096,GRADUATE,GRADUATE,1694465778.1467025,1694465778.9567518,1694465786.2580342
3214,GRADUATE,GRADUATE,1694465810.5795412,1694465810.9752805,1694465819.5942233
3053,GRADUATE,GRADUATE,1694465847.2165985,1694465847.8815334,1694465849.7507188
2,YES,Used ChatGPT
3,14
know,STRONGLY AGREE
rel_2,AGREE
com_5,AGREE
com_3,NEUTRAL
fai_3,AGREE
fai_5,AGREE
rel_1,NEUTRAL
com_2,AGREE
rel_5,STRONGLY AGREE
fai_1,AGREE
fai_2,AGREE
com_1,AGREE
fai_4,DISAGREE
