Prolific ID,60c11f097cf8862b2eb43f12
3575,GRADUATE,GRADUATE,1694465383.0712774,1694465384.4842286,1694465419.4256668
3232,DROPOUT,GRADUATE,1694465473.4219856,1694465474.333307,1694465502.0451486
2537,GRADUATE,GRADUATE,1694465565.6558547,1694465566.5233614,1694465570.7298806
4096,GRADUATE,GRADUATE,1694465598.5356586,1694465599.5059721,1694465608.9650593
2791,GRADUATE,GRADUATE,1694465648.4181757,1694465649.0538144,1694465652.963825
3920,DROPOUT,DROPOUT,1694465679.9086604,1694465680.6433492,1694465689.7736638
2781,DROPOUT,DROPOUT,1694465718.8294084,1694465719.7746959,1694465724.2020867
3214,GRADUATE,GRADUATE,1694465791.1733177,1694465792.8837173,1694465796.3453612
2883,GRADUATE,GRADUATE,1694465819.4058409,1694465820.2418308,1694465822.7530286
131,GRADUATE,GRADUATE,1694465847.4916394,1694465848.353273,1694465850.3413174
988,DROPOUT,DROPOUT,1694465875.2477188,1694465875.871161,1694465878.08669
1576,GRADUATE,GRADUATE,1694465902.9532719,1694465903.5426002,1694465906.8900151
648,GRADUATE,GRADUATE,1694465929.8063276,1694465930.6080031,1694465933.1234705
3053,GRADUATE,GRADUATE,1694465968.5463824,1694465969.2014453,1694465971.3509293
266,GRADUATE,GRADUATE,1694465989.993376,1694465990.6131082,1694465994.0116098
2,NO,
3,11
know,NEUTRAL
com_3,DISAGREE
rel_1,DISAGREE
com_5,AGREE
fai_3,AGREE
fai_5,DISAGREE
rel_5,NEUTRAL
fai_1,DISAGREE
fai_4,NEUTRAL
com_1,NEUTRAL
fai_2,DISAGREE
rel_2,NEUTRAL
com_2,NEUTRAL
