Prolific ID,5cb24e70c29be80001b13c80
3053,DROPOUT,DROPOUT,1694465425.81314,1694465426.7988696,1694465440.4726868
3232,DROPOUT,DROPOUT,1694465448.1021082,1694465453.0293534,1694465468.1904979
1576,GRADUATE,GRADUATE,1694465475.3094926,1694465480.2839603,1694465500.9847934
988,DROPOUT,DROPOUT,1694465516.138874,1694465517.5769062,1694465522.7148135
2781,DROPOUT,DROPOUT,1694465533.2269876,1694465535.1332,1694465538.6243942
3575,GRADUATE,GRADUATE,1694465542.1598504,1694465547.119758,1694465563.19548
2883,DROPOUT,DROPOUT,1694465586.5349886,1694465595.6807785,1694465601.1797855
4096,GRADUATE,GRADUATE,1694465611.111407,1694465611.8095613,1694465623.731523
266,GRADUATE,GRADUATE,1694465631.8942726,1694465634.2742097,1694465637.0188415
3920,DROPOUT,DROPOUT,1694465642.7909114,1694465643.6350625,1694465646.3313377
648,GRADUATE,GRADUATE,1694465657.8342395,1694465658.4546363,1694465661.2059178
3214,GRADUATE,GRADUATE,1694465692.659481,1694465693.13862,1694465696.9760654
2537,GRADUATE,GRADUATE,1694465701.5302885,1694465702.6195116,1694465704.9927244
2791,GRADUATE,GRADUATE,1694465713.2737978,1694465713.8800225,1694465715.279234
131,GRADUATE,GRADUATE,1694465723.1581912,1694465725.906155,1694465728.0424006
2,YES,AI chat bots
3,12
know,AGREE
rel_5,AGREE
fai_2,AGREE
com_2,AGREE
fai_1,AGREE
fai_5,AGREE
fai_3,AGREE
com_5,AGREE
rel_1,AGREE
fai_4,AGREE
com_3,AGREE
com_1,AGREE
rel_2,AGREE
