Prolific ID,615c83a68ed14f8fcb58f0c7
1576,GRADUATE,GRADUATE,1694465448.0159774,1694466516.8587885,1694466559.1796467
3920,DROPOUT,DROPOUT,1694466611.1785135,1694466612.038993,1694466618.3891008
3575,GRADUATE,GRADUATE,1694466649.4891849,1694466651.123533,1694466654.7591562
131,GRADUATE,GRADUATE,1694466670.0292525,1694466671.448853,1694466678.489282
3214,GRADUATE,GRADUATE,1694466681.4488716,1694466683.2279673,1694466690.039453
4096,GRADUATE,DROPOUT,1694466704.3444796,1694466706.393351,1694466757.5236273
3053,GRADUATE,GRADUATE,1694466769.2990448,1694466770.649427,1694466786.0242095
2791,GRADUATE,GRADUATE,1694466804.0150764,1694466805.2485542,1694466811.8388252
3232,GRADUATE,GRADUATE,1694466857.4691405,1694466858.5985029,1694466864.2454422
2781,GRADUATE,DROPOUT,1694466908.8695173,1694466909.8838723,1694466929.2099254
2537,GRADUATE,GRADUATE,1694466961.9140384,1694466962.8987527,1694466969.8542545
2883,GRADUATE,GRADUATE,1694467001.9849179,1694467003.0394714,1694467012.2550416
266,GRADUATE,GRADUATE,1694467039.5191417,1694467040.4587572,1694467050.424737
648,GRADUATE,GRADUATE,1694467074.1243134,1694467075.2694042,1694467077.6443653
988,GRADUATE,GRADUATE,1694467089.4090312,1694467090.688804,1694467122.3829806
2,YES,Through varsity
3,8
know,NEUTRAL
com_3,AGREE
fai_4,NEUTRAL
com_1,AGREE
fai_2,AGREE
com_5,AGREE
fai_5,AGREE
com_2,NEUTRAL
rel_1,DISAGREE
fai_1,DISAGREE
fai_3,NEUTRAL
rel_2,NEUTRAL
rel_5,AGREE
