Prolific ID,6128da24dd2b6292c122edb3
3214,GRADUATE,GRADUATE,1694416066.5529475,1694416068.541648,1694416074.1897125
1576,GRADUATE,GRADUATE,1694416094.5942228,1694416095.6852283,1694416104.4931605
266,GRADUATE,GRADUATE,1694416122.5888827,1694416123.7178037,1694416126.1404445
3053,GRADUATE,GRADUATE,1694416138.2512686,1694416147.7257357,1694416150.9970484
648,GRADUATE,GRADUATE,1694416171.7594092,1694416172.860626,1694416175.589559
3232,DROPOUT,DROPOUT,1694416205.739794,1694416208.0709343,1694416211.9762247
3575,GRADUATE,GRADUATE,1694416227.6486707,1694416228.9602497,1694416245.8481748
988,GRADUATE,GRADUATE,1694416264.5484622,1694416265.3045664,1694416288.1596148
2781,DROPOUT,DROPOUT,1694416309.1194606,1694416309.9069927,1694416314.73227
2791,DROPOUT,GRADUATE,1694416331.4482224,1694416332.1964848,1694416341.4622753
3920,GRADUATE,GRADUATE,1694416357.9113283,1694416359.2532241,1694416362.5035236
2883,GRADUATE,GRADUATE,1694416429.5456848,1694416430.5542166,1694416433.522633
131,DROPOUT,GRADUATE,1694416453.4093509,1694416454.280836,1694416457.8144388
4096,GRADUATE,GRADUATE,1694416471.5159163,1694416472.898008,1694416476.0638354
2537,GRADUATE,GRADUATE,1694416493.392686,1694416494.3747478,1694416496.710216
2,YES,On a daily basis we use AI in life, in general now a days there is AI in almost every platform to some degree
3,3
know,STRONGLY AGREE
com_2,AGREE
com_3,AGREE
fai_1,AGREE
fai_3,NEUTRAL
fai_4,NEUTRAL
rel_1,DISAGREE
rel_5,NEUTRAL
com_1,AGREE
rel_2,AGREE
fai_5,NEUTRAL
com_5,AGREE
fai_2,DISAGREE
