Prolific ID,64ecd34cb2a8b9bef9c78e6e
3214,GRADUATE,GRADUATE,1694465719.4205785,1694465722.5830336,1694465766.2872307
3920,GRADUATE,GRADUATE,1694465861.5472295,1694465862.7660394,1694465876.4015403
3053,GRADUATE,GRADUATE,1694465936.237468,1694465937.16563,1694465952.3630464
2781,DROPOUT,DROPOUT,1694465995.3671987,1694465996.316355,1694466009.5578105
3575,GRADUATE,GRADUATE,1694466058.871876,1694466059.6328278,1694466069.9809017
648,GRADUATE,GRADUATE,1694466125.5411856,1694466128.796682,1694466133.64586
2791,GRADUATE,GRADUATE,1694466169.460165,1694466169.8715372,1694466171.806347
988,DROPOUT,DROPOUT,1694466207.4942133,1694466208.3116882,1694466215.0538914
2883,GRADUATE,GRADUATE,1694466251.2660875,1694466251.783221,1694466264.7983599
266,GRADUATE,GRADUATE,1694466294.205958,1694466294.7812483,1694466297.4808142
4096,GRADUATE,GRADUATE,1694466320.940779,1694466322.0518742,1694466331.3772948
2537,GRADUATE,GRADUATE,1694466369.6251092,1694466370.481046,1694466375.8030403
1576,DROPOUT,DROPOUT,1694466404.8305697,1694466405.9545174,1694466408.9228222
131,GRADUATE,GRADUATE,1694466440.079154,1694466440.7499938,1694466442.9987013
3232,DROPOUT,GRADUATE,1694466485.3306365,1694466486.019974,1694466508.902304
2,YES,I'm a computer science graduate, I'm familiar with AI from some courses during my degree. As well as some minor work, I've done with neural networks for recognizing objects in images and videos.
3,10
know,AGREE
fai_1,DISAGREE
com_1,STRONGLY DISAGREE
com_2,DISAGREE
fai_3,STRONGLY DISAGREE
fai_5,DISAGREE
rel_2,NEUTRAL
com_5,NEUTRAL
fai_2,DISAGREE
rel_5,NEUTRAL
rel_1,DISAGREE
com_3,STRONGLY DISAGREE
fai_4,DISAGREE
