Prolific ID,5eea2a70bff1be0da1efd564
131,GRADUATE,GRADUATE,1694466139.7994645,1694466143.0293033,1694466163.4263103
1576,GRADUATE,GRADUATE,1694466178.3384376,1694466179.5801518,1694466192.1634126
3053,GRADUATE,GRADUATE,1694466223.0005069,1694466224.527025,1694466228.6748283
2537,DROPOUT,DROPOUT,1694466305.9661586,1694466307.1369648,1694466312.4064145
648,GRADUATE,GRADUATE,1694466321.510511,1694466323.0404267,1694466327.0873594
3920,DROPOUT,DROPOUT,1694466349.1091166,1694466350.4255812,1694466354.3551593
3575,DROPOUT,DROPOUT,1694466386.9183714,1694466388.264876,1694466391.917275
2883,DROPOUT,DROPOUT,1694466416.1735659,1694466418.4133754,1694466428.4587154
2781,DROPOUT,DROPOUT,1694466453.063124,1694466454.699462,1694466459.7536583
3214,GRADUATE,GRADUATE,1694466542.1878412,1694466543.192329,1694466546.3099532
3232,GRADUATE,GRADUATE,1694466569.3841374,1694466570.5505795,1694466578.9559696
2791,GRADUATE,GRADUATE,1694466603.9374135,1694466605.218397,1694466609.7185206
4096,DROPOUT,DROPOUT,1694466619.4409242,1694466620.5104015,1694466626.5611978
988,GRADUATE,GRADUATE,1694466654.2700572,1694466655.4950407,1694466662.2777367
266,GRADUATE,GRADUATE,1694466694.2146957,1694466695.590114,1694466699.7636979
2,YES,I've in contact with AI thrugh chatbots, voice assistance, etc
3,8
know,AGREE
com_2,NEUTRAL
fai_4,DISAGREE
fai_5,NEUTRAL
fai_1,DISAGREE
fai_3,DISAGREE
rel_5,AGREE
rel_2,NEUTRAL
com_1,NEUTRAL
fai_2,DISAGREE
com_3,NEUTRAL
com_5,AGREE
rel_1,NEUTRAL
