Prolific ID,60252b168d445b2c7efd6c32
2791,GRADUATE,GRADUATE,1694465911.113403,1694465912.919445,1694465919.631674
2883,DROPOUT,DROPOUT,1694466085.9974875,1694466086.3947375,1694466089.081368
3232,GRADUATE,GRADUATE,1694466104.8783348,1694466105.3134403,1694466107.730713
266,GRADUATE,GRADUATE,1694466244.7419376,1694466245.0906038,1694466248.547501
988,DROPOUT,DROPOUT,1694466249.790021,1694466250.2907524,1694466251.682424
3920,GRADUATE,GRADUATE,1694466252.966957,1694466253.4509838,1694466257.1222942
3575,DROPOUT,DROPOUT,1694467121.8238862,1694467122.1791656,1694467123.4267604
4096,GRADUATE,GRADUATE,1694467124.6077867,1694467124.98668,1694467126.0183642
1576,DROPOUT,DROPOUT,1694467127.0055943,1694467127.386211,1694467128.258769
2537,DROPOUT,DROPOUT,1694467128.9990816,1694467129.4588418,1694467130.4348571
3053,GRADUATE,GRADUATE,1694467131.3911934,1694467131.978842,1694467133.6108358
131,GRADUATE,GRADUATE,1694467134.7834978,1694467135.443293,1694467136.4670086
648,DROPOUT,DROPOUT,1694467137.4857953,1694467138.187501,1694467139.091036
2781,GRADUATE,DROPOUT,1694467140.1258285,1694467140.7390234,1694467144.498435
3214,GRADUATE,GRADUATE,1694467145.6068084,1694467146.0983958,1694467147.5623116
2,YES,University
3,6
know,AGREE
com_1,AGREE
rel_1,AGREE
com_2,AGREE
rel_2,AGREE
fai_1,AGREE
com_3,AGREE
fai_5,AGREE
fai_2,AGREE
rel_5,AGREE
com_5,AGREE
fai_3,STRONGLY AGREE
fai_4,STRONGLY AGREE
