Prolific ID,5b366ffa06f9f90001fb4f41
3232,GRADUATE,GRADUATE,1694415996.1201682,1694415996.906346,1694416013.2652004
1576,GRADUATE,DROPOUT,1694416039.4779332,1694416039.8863513,1694416045.889513
3053,GRADUATE,GRADUATE,1694416058.0756323,1694416058.5000844,1694416060.2649264
2537,GRADUATE,GRADUATE,1694416077.524022,1694416077.845074,1694416083.9886262
2781,DROPOUT,DROPOUT,1694416092.84511,1694416093.1166306,1694416107.0575578
4096,GRADUATE,GRADUATE,1694416122.9121442,1694416125.5935647,1694416131.0772455
988,GRADUATE,GRADUATE,1694416139.6643097,1694416140.1987872,1694416152.9364161
131,GRADUATE,GRADUATE,1694416165.8674653,1694416166.495251,1694416167.739398
2883,DROPOUT,GRADUATE,1694416178.9215124,1694416179.1753898,1694416183.0804021
266,GRADUATE,GRADUATE,1694416192.8916607,1694416193.2382138,1694416194.3399892
2791,GRADUATE,GRADUATE,1694416203.2197323,1694416203.4994588,1694416204.4419992
648,GRADUATE,GRADUATE,1694416219.6123435,1694416220.0813746,1694416221.183486
3575,GRADUATE,GRADUATE,1694416227.2844975,1694416227.5822613,1694416234.034399
3920,DROPOUT,DROPOUT,1694416250.0484126,1694416250.336336,1694416251.4983253
3214,GRADUATE,GRADUATE,1694416259.6342034,1694416259.9740062,1694416261.1360993
2,YES,I sometimes used it in excel analysis to my projects
3,12
know,AGREE
fai_1,AGREE
fai_4,NEUTRAL
com_5,STRONGLY AGREE
rel_2,AGREE
rel_5,STRONGLY AGREE
com_1,AGREE
fai_5,NEUTRAL
com_2,AGREE
com_3,STRONGLY AGREE
rel_1,AGREE
fai_3,AGREE
fai_2,NEUTRAL
