Prolific ID,60fba1203c2b32708cb239ef
3920,DROPOUT,1694415949.9836447,1694415951.3523085
988,DROPOUT,1694415977.744447,1694415979.313113
3214,DROPOUT,1694416002.9717863,1694416005.3425574
3232,GRADUATE,1694416050.5828342,1694416052.11315
131,GRADUATE,1694416078.1121008,1694416094.8241694
2883,GRADUATE,1694416170.3086839,1694416171.611993
2537,GRADUATE,1694416209.9620302,1694416211.001765
2791,GRADUATE,1694416260.0458074,1694416261.2400067
648,GRADUATE,1694416344.2077222,1694416345.1900005
3053,DROPOUT,1694416403.861756,1694416410.5532937
2781,DROPOUT,1694416471.8623917,1694416472.7919621
1576,DROPOUT,1694416546.7945745,1694416547.8782144
4096,GRADUATE,1694416573.8230982,1694416575.2059412
266,GRADUATE,1694416631.88232,1694416633.009336
3575,GRADUATE,1694416686.9417198,1694416687.9525447
2,YES,Bixby on samsung devices, content recommendations on streaming platforms like netflix and youtube, fraud detection systems in banking
3,14
know,STRONGLY AGREE
rel_5,AGREE
rel_1,AGREE
com_5,STRONGLY AGREE
com_2,STRONGLY AGREE
fai_4,DISAGREE
com_1,STRONGLY AGREE
fai_3,AGREE
rel_2,AGREE
fai_1,AGREE
fai_5,AGREE
fai_2,DISAGREE
com_3,STRONGLY AGREE
