Prolific ID,60fae2708e5c7da113b61825
2791,GRADUATE,1694416067.5477977,1694416090.474035
2781,DROPOUT,1694416129.9155025,1694416130.8941216
3232,GRADUATE,1694416144.1775577,1694416145.2723844
2883,DROPOUT,1694416161.2001688,1694416162.087615
3214,GRADUATE,1694416167.9281704,1694416170.0324066
131,GRADUATE,1694416175.4887085,1694416176.4757154
266,GRADUATE,1694416183.1406431,1694416184.2206306
3920,GRADUATE,1694416202.7425663,1694416205.1805787
3575,GRADUATE,1694416211.085869,1694416213.2682366
648,GRADUATE,1694416220.140521,1694416221.0826535
4096,GRADUATE,1694416225.6161602,1694416227.2261252
3053,GRADUATE,1694416233.3407457,1694416234.4365547
1576,GRADUATE,1694416242.6746318,1694416244.3673537
2537,GRADUATE,1694416255.8739998,1694416257.4398232
988,GRADUATE,1694416264.4905634,1694416265.5563846
2,YES,have used AI to help me with assignments
3,13
know,STRONGLY AGREE
fai_4,DISAGREE
com_2,NEUTRAL
fai_1,AGREE
fai_3,AGREE
rel_2,NEUTRAL
com_5,AGREE
fai_5,AGREE
fai_2,NEUTRAL
com_3,AGREE
rel_1,AGREE
com_1,AGREE
rel_5,AGREE
