Prolific ID,60d4593b33c9ebb85ae96a4c
988,DROPOUT,1694416178.803572,1694416196.8007138
4096,GRADUATE,1694416252.2888787,1694416263.1055524
3232,GRADUATE,1694416348.332868,1694416349.209016
2791,GRADUATE,1694416409.992546,1694416412.3209343
131,GRADUATE,1694416506.4233997,1694416507.5834048
648,GRADUATE,1694416619.3855984,1694416620.0816147
3214,GRADUATE,1694416663.510145,1694416664.3394837
2883,DROPOUT,1694416691.7872148,1694416699.3094761
3053,GRADUATE,1694416748.267454,1694416757.4612827
1576,DROPOUT,1694416785.6417441,1694416787.1756728
3575,GRADUATE,1694416817.653838,1694416819.3076496
2537,GRADUATE,1694416838.9691982,1694416839.4812505
2781,DROPOUT,1694416866.6147966,1694416875.9767098
3920,GRADUATE,1694416928.474854,1694416929.4666855
266,GRADUATE,1694416952.35973,1694416956.7122505
2,YES,I heard about ChatGPT on the internet and tried it out myself
3,10
know,NEUTRAL
rel_5,AGREE
com_1,AGREE
fai_5,AGREE
com_3,STRONGLY AGREE
rel_2,AGREE
rel_1,AGREE
fai_1,NEUTRAL
fai_4,DISAGREE
fai_2,AGREE
com_2,AGREE
fai_3,AGREE
com_5,STRONGLY AGREE
