Prolific ID,615749fdd6986ebfdcdc1d65
3053,GRADUATE,1694416381.4204154,1694416441.0477173
2781,DROPOUT,1694416534.927408,1694416538.642947
1576,GRADUATE,1694416594.5757418,1694416596.7000067
4096,GRADUATE,1694416633.7781816,1694416639.290147
3920,GRADUATE,1694416692.7935581,1694416694.4655967
3232,GRADUATE,1694416733.107814,1694416734.6599183
266,GRADUATE,1694416770.0528135,1694416772.1284263
3214,GRADUATE,1694416803.472892,1694416807.5465653
2883,GRADUATE,1694416840.4706895,1694416841.9453993
648,GRADUATE,1694416885.7833326,1694416887.8610342
3575,GRADUATE,1694416914.1835618,1694416920.9830177
131,GRADUATE,1694416963.0482385,1694416964.6443624
2791,GRADUATE,1694416998.5285652,1694417000.578492
988,GRADUATE,1694417028.2514722,1694417033.936161
2537,GRADUATE,1694417066.8959413,1694417070.682899
2,YES,Through chatGBT
3,13
know,AGREE
fai_1,DISAGREE
com_5,STRONGLY AGREE
com_1,NEUTRAL
rel_5,AGREE
fai_3,DISAGREE
fai_2,DISAGREE
com_3,STRONGLY DISAGREE
com_2,DISAGREE
fai_4,STRONGLY DISAGREE
fai_5,DISAGREE
rel_1,DISAGREE
rel_2,NEUTRAL
