Prolific ID,5c8a87e6b828c80001deabc2
2781,GRADUATE,1694416213.78316,1694416214.8711631
3053,DROPOUT,1694416267.410277,1694416286.6957579
3575,GRADUATE,1694416336.5296888,1694416337.5600991
3920,GRADUATE,1694416342.8738947,1694416395.2432704
648,DROPOUT,1694416455.4080367,1694416456.331394
3214,GRADUATE,1694416482.5203125,1694416484.4025679
2883,GRADUATE,1694416530.7320828,1694416532.1361952
266,GRADUATE,1694416595.3482373,1694416596.293431
4096,GRADUATE,1694416614.527609,1694416615.310285
3232,GRADUATE,1694416628.7484577,1694416634.6727347
131,GRADUATE,1694416649.4581013,1694416650.7854228
2537,GRADUATE,1694416660.969041,1694416661.5484695
2791,GRADUATE,1694416674.9162614,1694416675.591496
988,GRADUATE,1694416729.756467,1694416730.4353619
1576,DROPOUT,1694416752.5722172,1694416754.1525016
2,NO,
3,12
know,AGREE
rel_5,AGREE
com_3,NEUTRAL
rel_2,DISAGREE
fai_1,AGREE
fai_5,AGREE
fai_3,DISAGREE
com_5,STRONGLY AGREE
fai_4,DISAGREE
rel_1,NEUTRAL
com_1,AGREE
com_2,DISAGREE
fai_2,DISAGREE
