Prolific ID,611cf0fcb571ffef2625d948
3920,DROPOUT,1694418477.931359,1694418479.600981
131,GRADUATE,1694418505.2935443,1694418507.5507932
2537,GRADUATE,1694418514.2368362,1694418515.371416
988,DROPOUT,1694418525.777565,1694418526.760382
3053,GRADUATE,1694418537.0811439,1694418537.9209526
3232,GRADUATE,1694418545.3264265,1694418546.728656
4096,DROPOUT,1694418549.8006685,1694418550.9212148
2781,DROPOUT,1694418555.903524,1694418557.8465643
2883,GRADUATE,1694418562.066353,1694418563.0638046
266,GRADUATE,1694418567.155959,1694418568.287999
3214,GRADUATE,1694418570.3188562,1694418571.6614413
3575,DROPOUT,1694418581.5229223,1694418582.065891
1576,DROPOUT,1694418585.6760213,1694418589.097329
2791,GRADUATE,1694418591.379669,1694418592.3580868
648,GRADUATE,1694418599.1882813,1694418600.344435
2,YES,Chat gpt
3,8
know,STRONGLY AGREE
rel_1,STRONGLY AGREE
fai_4,STRONGLY AGREE
rel_5,STRONGLY AGREE
rel_2,AGREE
com_5,AGREE
fai_5,NEUTRAL
fai_1,NEUTRAL
com_3,AGREE
com_2,AGREE
fai_3,NEUTRAL
fai_2,NEUTRAL
com_1,AGREE
