Prolific ID,5e9c3ff1cf719d151612648f
266,GRADUATE,1694420342.577503,1694420392.2895977
2883,GRADUATE,1694420483.6847148,1694420489.19254
3214,GRADUATE,1694420553.8083367,1694420554.7347865
4096,GRADUATE,1694420653.518522,1694420659.3061676
3232,GRADUATE,1694420717.8595111,1694420721.2748308
648,GRADUATE,1694420780.993613,1694420782.8283293
2537,GRADUATE,1694420825.8043337,1694420828.9000528
3053,GRADUATE,1694420869.2604554,1694420876.1635423
1576,DROPOUT,1694420961.7186966,1694420968.55436
988,GRADUATE,1694421041.6462789,1694421042.701511
3575,GRADUATE,1694421081.373344,1694421082.6323261
3920,GRADUATE,1694421158.9413822,1694421159.899874
131,GRADUATE,1694421205.3120034,1694421206.315581
2791,GRADUATE,1694421324.7092392,1694421325.9377592
2781,DROPOUT,1694421368.3578832,1694421369.8413112
2,NO,
3,10
know,AGREE
com_1,DISAGREE
fai_3,NEUTRAL
rel_1,NEUTRAL
com_5,AGREE
fai_5,AGREE
com_2,DISAGREE
rel_2,NEUTRAL
fai_1,DISAGREE
com_3,DISAGREE
fai_4,DISAGREE
fai_2,DISAGREE
rel_5,AGREE
