Prolific ID,5d9fa34e497e63001546c9ea
131,GRADUATE,1694436175.6099932,1694436193.8746643
