Prolific ID,60ebf19742e81b0250c0f20a
648,GRADUATE,1694436239.8948417,1694436240.856522
3053,GRADUATE,1694436280.0717814,1694436281.0436106
3920,DROPOUT,1694436465.8705618,1694436555.3966856
988,DROPOUT,1694436582.896192,1694436584.4185786
2781,DROPOUT,1694436611.1598277,1694436613.3844209
3575,GRADUATE,1694436630.3838563,1694436631.666182
2883,GRADUATE,1694436648.0341487,1694436648.801867
266,GRADUATE,1694436670.7769434,1694436671.8154013
2791,GRADUATE,1694436693.9537787,1694436694.592573
131,GRADUATE,1694436717.442211,1694436718.1430988
1576,DROPOUT,1694436739.6386526,1694436740.241472
2537,GRADUATE,1694436753.899968,1694436755.3543074
3232,GRADUATE,1694436781.0802622,1694436781.7371054
4096,GRADUATE,1694436791.8761563,1694436792.4595098
3214,GRADUATE,1694436806.4243505,1694436807.0412817
2,NO,
3,12
know,AGREE
com_5,AGREE
rel_2,AGREE
fai_5,AGREE
com_3,AGREE
fai_2,AGREE
rel_1,NEUTRAL
fai_3,AGREE
com_1,AGREE
fai_4,AGREE
rel_5,AGREE
fai_1,NEUTRAL
com_2,NEUTRAL
