Prolific ID,6127ae90d4e84d4658a04b7d
988,GRADUATE,1694436316.320133,1694436318.3915517
2883,GRADUATE,1694436396.6437016,1694436399.274955
2781,DROPOUT,1694436455.3353646,1694436456.597596
3232,GRADUATE,1694436506.0093222,1694436507.7730906
4096,GRADUATE,1694436568.1469562,1694436572.3206651
1576,DROPOUT,1694436681.775809,1694436683.0983803
3214,GRADUATE,1694436731.6764984,1694436733.5488448
131,GRADUATE,1694436763.2979257,1694436764.6690998
266,GRADUATE,1694436801.85127,1694436803.1487098
2537,GRADUATE,1694436838.9293191,1694436842.7527642
3053,GRADUATE,1694436892.6192575,1694436894.9272623
3575,GRADUATE,1694436975.5333488,1694436985.3472445
2791,GRADUATE,1694437022.7844493,1694437024.1621141
3920,GRADUATE,1694437149.8001654,1694437151.68815
648,GRADUATE,1694437180.1601033,1694437182.6934035
2,YES,Chatbots
3,4
know,NEUTRAL
fai_1,DISAGREE
fai_3,AGREE
com_5,STRONGLY AGREE
com_1,AGREE
com_2,AGREE
rel_2,NEUTRAL
rel_1,AGREE
com_3,AGREE
fai_2,AGREE
rel_5,STRONGLY AGREE
fai_4,DISAGREE
fai_5,STRONGLY AGREE
