Prolific ID,615ad004710553aba70fd89a
988,GRADUATE,1694436330.050949,1694436332.5029376
2537,GRADUATE,1694436371.395659,1694436373.5752645
648,GRADUATE,1694436471.458485,1694436473.5158913
131,DROPOUT,1694436536.452581,1694436538.3779492
2781,DROPOUT,1694436560.9440215,1694436563.2699668
2791,GRADUATE,1694436573.5914388,1694436575.5126436
2883,DROPOUT,1694436591.9223924,1694436594.958883
3232,DROPOUT,1694436609.5163758,1694436611.5220044
3575,DROPOUT,1694436656.6242845,1694436658.7897916
3053,GRADUATE,1694436699.98726,1694436701.75786
266,GRADUATE,1694436751.083349,1694436752.9070897
1576,GRADUATE,1694436775.8585343,1694436777.7657914
3214,GRADUATE,1694436788.9080079,1694436790.5907423
4096,GRADUATE,1694436803.9515183,1694436805.345958
3920,DROPOUT,1694436825.098975,1694436826.8870173
2,YES,Through the internet
3,11
know,STRONGLY AGREE
fai_3,STRONGLY AGREE
rel_2,AGREE
com_5,AGREE
com_3,NEUTRAL
rel_1,AGREE
fai_2,STRONGLY DISAGREE
fai_5,STRONGLY AGREE
fai_1,AGREE
fai_4,STRONGLY DISAGREE
rel_5,AGREE
com_2,AGREE
com_1,AGREE
