Prolific ID,64f367e425e0985a9cfeee85
4096,GRADUATE,1694436293.0339687,1694436311.4893572
1576,DROPOUT,1694436319.2057376,1694436326.7627263
131,DROPOUT,1694436375.4609237,1694436376.138012
3920,DROPOUT,1694436387.5057228,1694436397.4917238
3214,GRADUATE,1694436407.5294366,1694436418.7103465
2883,GRADUATE,1694436430.246215,1694436430.9316974
648,GRADUATE,1694436442.309592,1694436445.4234643
3575,GRADUATE,1694436448.1547728,1694436460.0420048
2537,GRADUATE,1694436473.2017426,1694436484.2328932
3232,GRADUATE,1694436487.2248995,1694436495.5239737
266,DROPOUT,1694436534.1291995,1694436534.7617457
2791,GRADUATE,1694436537.4900956,1694436545.099429
3053,GRADUATE,1694436553.024457,1694436558.6505196
988,GRADUATE,1694436568.881472,1694436584.7471378
2781,DROPOUT,1694436588.6187136,1694436601.444334
2,YES,I am a computer science student, so I have a big interest in that field.
3,10
know,NEUTRAL
rel_5,STRONGLY AGREE
com_2,AGREE
com_3,AGREE
fai_3,STRONGLY AGREE
fai_4,NEUTRAL
fai_2,STRONGLY AGREE
fai_5,DISAGREE
com_1,STRONGLY AGREE
rel_1,AGREE
rel_2,NEUTRAL
com_5,STRONGLY AGREE
fai_1,NEUTRAL
