Prolific ID,5f9aeb04901ce62720fc6838
2883,DROPOUT,1694436301.5088923,1694436314.1252697
648,DROPOUT,1694436325.335728,1694436326.8476367
3575,GRADUATE,1694436333.9508677,1694436335.4145677
3214,GRADUATE,1694436343.4608793,1694436344.5557113
988,GRADUATE,1694436353.0041814,1694436353.9583774
4096,GRADUATE,1694436361.0130389,1694436362.445006
131,GRADUATE,1694436387.8159382,1694436402.2297623
3232,DROPOUT,1694436408.8141885,1694436409.5979064
3920,GRADUATE,1694436424.2147145,1694436425.5590022
2781,GRADUATE,1694436431.0830142,1694436432.2929196
1576,GRADUATE,1694436437.906038,1694436439.014614
3053,DROPOUT,1694436445.231277,1694436446.5297713
2537,GRADUATE,1694436453.4593213,1694436455.6015058
2791,GRADUATE,1694436464.1179497,1694436465.1020358
266,GRADUATE,1694436471.9750407,1694436472.9480805
2,NO,
3,8
know,AGREE
rel_1,DISAGREE
rel_2,NEUTRAL
rel_5,DISAGREE
fai_1,DISAGREE
com_2,NEUTRAL
fai_2,STRONGLY AGREE
com_3,NEUTRAL
com_1,NEUTRAL
fai_3,DISAGREE
com_5,AGREE
fai_4,AGREE
fai_5,NEUTRAL
