Prolific ID,64e2201f13521d06715dbadf
266,GRADUATE,1694436652.5330625,1694436658.1650906
4096,GRADUATE,1694436664.138226,1694436679.5828106
2537,GRADUATE,1694436696.3635964,1694436697.336485
3214,DROPOUT,1694436703.3709936,1694436715.871077
2883,GRADUATE,1694436731.872211,1694436741.9476829
988,GRADUATE,1694436756.5530183,1694436764.3505828
3232,DROPOUT,1694436770.0709703,1694436775.134249
3920,DROPOUT,1694436788.0074825,1694436800.4039202
2791,GRADUATE,1694436808.4721997,1694436814.0611944
1576,GRADUATE,1694436822.1607072,1694436825.8856757
3053,GRADUATE,1694436835.568839,1694436837.2928429
648,DROPOUT,1694436843.014931,1694436850.2280147
2781,GRADUATE,1694436871.9357586,1694436873.1179307
131,DROPOUT,1694436877.1523833,1694436880.940259
3575,GRADUATE,1694436891.4471946,1694436893.372583
2,YES,A plethora of online sources
3,0
know,AGREE
fai_2,STRONGLY DISAGREE
rel_2,STRONGLY DISAGREE
rel_5,STRONGLY DISAGREE
fai_3,STRONGLY DISAGREE
com_2,STRONGLY DISAGREE
com_5,STRONGLY DISAGREE
com_3,STRONGLY DISAGREE
fai_5,STRONGLY DISAGREE
fai_4,STRONGLY DISAGREE
rel_1,STRONGLY DISAGREE
fai_1,STRONGLY DISAGREE
com_1,STRONGLY DISAGREE
