Prolific ID,60979b540a2cf2468fde514b
2537,GRADUATE,1694441016.9132013,1694441017.7070065
3575,GRADUATE,1694441113.1103408,1694441113.8157017
3232,DROPOUT,1694441149.0862956,1694441149.7112935
3053,GRADUATE,1694441176.5042484,1694441178.5400038
2883,DROPOUT,1694441201.7456372,1694441203.1032565
2781,DROPOUT,1694441246.9772627,1694441248.3953257
648,GRADUATE,1694441274.0655558,1694441274.923617
988,DROPOUT,1694441291.7647243,1694441293.116051
3214,GRADUATE,1694441321.0782318,1694441321.7479877
266,GRADUATE,1694441349.3820994,1694441350.2283592
4096,GRADUATE,1694441366.985868,1694441367.647823
3920,DROPOUT,1694441382.8731377,1694441383.3414016
2791,GRADUATE,1694441416.0560892,1694441417.5609727
131,GRADUATE,1694441444.08723,1694441448.712574
1576,DROPOUT,1694441471.742698,1694441477.8527586
2,YES,In surveys about AI and some texts written by AI
3,9
know,DISAGREE
com_3,DISAGREE
rel_1,DISAGREE
fai_5,DISAGREE
fai_4,STRONGLY DISAGREE
com_5,NEUTRAL
fai_2,DISAGREE
fai_3,DISAGREE
com_1,DISAGREE
rel_5,STRONGLY DISAGREE
com_2,NEUTRAL
rel_2,DISAGREE
fai_1,DISAGREE
