Prolific ID,613a6a0858734fc4aa745ca9
4096,DROPOUT,1694465359.8888097,1694465360.6610334
3053,GRADUATE,1694465367.514933,1694465369.0270638
648,GRADUATE,1694465384.163009,1694465385.922628
3214,GRADUATE,1694465393.2651525,1694465393.986505
988,DROPOUT,1694465404.9449353,1694465405.8475113
131,GRADUATE,1694465407.6540072,1694465408.815746
1576,DROPOUT,1694465410.7680326,1694465417.7825866
266,GRADUATE,1694465420.109375,1694465420.8933697
3232,DROPOUT,1694465422.906744,1694465424.1940753
3575,DROPOUT,1694465433.7398312,1694465435.0358474
2537,GRADUATE,1694465437.6651468,1694465439.6505554
2791,GRADUATE,1694465442.5567248,1694465444.449284
2883,GRADUATE,1694465446.8439097,1694465447.8160589
3920,DROPOUT,1694465450.1260893,1694465451.0165758
2781,GRADUATE,1694465453.6043506,1694465454.0278502
2,NO,
3,13
know,AGREE
rel_1,AGREE
com_5,STRONGLY AGREE
com_1,STRONGLY AGREE
rel_2,NEUTRAL
fai_4,AGREE
fai_3,NEUTRAL
fai_1,AGREE
com_3,STRONGLY AGREE
com_2,NEUTRAL
fai_2,STRONGLY DISAGREE
fai_5,NEUTRAL
rel_5,AGREE
