Prolific ID,613f7a81b6f0de02546ee05a
131,GRADUATE,1694465376.5446055,1694465377.3365285
2791,GRADUATE,1694465419.9954402,1694465421.6162875
266,GRADUATE,1694465456.6168537,1694465457.614548
2883,GRADUATE,1694465461.9591157,1694465463.0902839
3575,DROPOUT,1694465469.289421,1694465470.7215059
3920,GRADUATE,1694465495.8889143,1694465501.7369354
4096,GRADUATE,1694465523.8946526,1694465524.4888618
648,GRADUATE,1694465539.0388172,1694465539.9693954
3053,GRADUATE,1694465550.969174,1694465552.2636604
3232,GRADUATE,1694465568.5140834,1694465570.972344
988,GRADUATE,1694465586.1742754,1694465587.2504752
2537,GRADUATE,1694465605.1851783,1694465606.5778797
2781,DROPOUT,1694465632.7149906,1694465633.9204848
3214,GRADUATE,1694465646.9736724,1694465648.0086608
1576,DROPOUT,1694465650.3443315,1694465651.615989
2,YES,I've come across it in surveys 
3,7
know,AGREE
fai_2,NEUTRAL
com_5,AGREE
com_1,NEUTRAL
rel_1,DISAGREE
fai_1,DISAGREE
com_3,DISAGREE
com_2,AGREE
rel_5,AGREE
fai_5,DISAGREE
fai_3,DISAGREE
fai_4,DISAGREE
rel_2,DISAGREE
