Prolific ID,5beaf5c1ca3a1a0001823677
2537,GRADUATE,1694465392.3270054,1694465393.8927848
3214,GRADUATE,1694465425.0947084,1694465426.053651
3575,GRADUATE,1694465453.9271593,1694465455.3492978
988,DROPOUT,1694465466.0609915,1694465467.362529
2883,DROPOUT,1694465546.5816722,1694465553.6990743
3232,GRADUATE,1694465561.263384,1694465563.0286455
648,GRADUATE,1694465569.1023731,1694465573.4267988
2791,GRADUATE,1694465588.0829344,1694465588.717927
4096,GRADUATE,1694465598.3529139,1694465601.9504907
2781,DROPOUT,1694465615.1881397,1694465615.7971904
3053,GRADUATE,1694465625.194731,1694465626.4946942
1576,GRADUATE,1694465630.4936788,1694465631.991025
131,GRADUATE,1694465688.989958,1694465691.0528827
266,GRADUATE,1694465694.3924296,1694465699.104722
3920,GRADUATE,1694465703.4467025,1694465704.1391542
2,YES,Via Internet
3,10
know,AGREE
com_2,AGREE
rel_5,AGREE
fai_3,NEUTRAL
com_5,NEUTRAL
fai_2,AGREE
fai_4,DISAGREE
com_3,DISAGREE
rel_2,NEUTRAL
fai_1,DISAGREE
fai_5,DISAGREE
rel_1,NEUTRAL
com_1,NEUTRAL
