Prolific ID,64eb7b24ab6c4b9a60eefd85
4096,GRADUATE,1694465594.2841299,1694465597.315823
266,GRADUATE,1694465641.0824945,1694465642.7766972
2883,GRADUATE,1694465862.8609293,1694465885.0935407
2537,GRADUATE,1694465962.2781482,1694465969.8860137
2791,GRADUATE,1694465985.8172204,1694465990.2621722
3053,GRADUATE,1694466058.1533327,1694466059.5334427
648,GRADUATE,1694466070.573741,1694466073.1815708
1576,GRADUATE,1694466174.175001,1694466203.9995475
3575,GRADUATE,1694466222.6436799,1694466225.3352506
3232,GRADUATE,1694466230.699885,1694466232.407715
131,GRADUATE,1694466253.107674,1694466254.6000102
988,DROPOUT,1694466403.7004504,1694466411.6565332
2781,DROPOUT,1694466455.0124629,1694466456.0249517
3214,GRADUATE,1694466482.1568062,1694466483.2281818
3920,DROPOUT,1694466508.9960148,1694466514.7764974
2,YES,Recently, I have been using the online platform of ChatGPT to generate compelling short written contents for projects that I am undertaking. Another way I have come across AI is through my pursuit for undertaking tasks for Micro-tasking websites.
3,12
know,DISAGREE
com_5,STRONGLY AGREE
fai_4,STRONGLY AGREE
com_1,AGREE
fai_2,STRONGLY AGREE
fai_3,AGREE
rel_1,AGREE
com_3,AGREE
fai_5,AGREE
fai_1,NEUTRAL
rel_2,STRONGLY AGREE
rel_5,AGREE
com_2,STRONGLY AGREE
