Prolific ID,634d738128d6bd62fefa7eb5
1576,GRADUATE,1694465595.2054567,1694465595.9520705
2791,GRADUATE,1694465616.8076296,1694465622.5274153
3053,GRADUATE,1694465689.9119859,1694465690.9198751
3214,GRADUATE,1694465764.8202693,1694465766.1465225
4096,DROPOUT,1694465803.7771447,1694465804.5958405
988,GRADUATE,1694465865.2085085,1694465866.1806571
2883,DROPOUT,1694465911.0076404,1694465912.304481
648,DROPOUT,1694465964.793504,1694465966.2881396
131,GRADUATE,1694465985.496417,1694465987.7741091
2537,GRADUATE,1694466039.4870083,1694466041.2578828
3575,GRADUATE,1694466069.6907806,1694466071.0614002
3232,GRADUATE,1694466093.1235187,1694466094.199376
266,GRADUATE,1694466107.8428857,1694466109.1778605
2781,GRADUATE,1694466240.9447505,1694466242.09155
3920,DROPOUT,1694466270.4219785,1694466271.6928825
2,YES,I tried out ChatGPT 
3,10
know,STRONGLY AGREE
rel_5,DISAGREE
fai_3,NEUTRAL
fai_5,NEUTRAL
com_2,DISAGREE
fai_4,NEUTRAL
rel_1,DISAGREE
com_3,NEUTRAL
rel_2,NEUTRAL
com_5,AGREE
com_1,AGREE
fai_2,STRONGLY DISAGREE
fai_1,DISAGREE
