Prolific ID,5f3fcd7c2de32d06ac4f5197
2781,GRADUATE,1694465576.150178,1694465577.1770523
266,GRADUATE,1694465616.4977744,1694465618.273625
3214,GRADUATE,1694465667.4566674,1694465670.3739583
2537,GRADUATE,1694465694.4089446,1694465695.754995
131,GRADUATE,1694465724.3789403,1694465725.1394868
3053,GRADUATE,1694465754.242299,1694465754.9889855
3232,GRADUATE,1694465785.2176232,1694465786.4358084
2883,GRADUATE,1694465829.1318583,1694465829.7558584
4096,GRADUATE,1694465870.443043,1694465872.9493678
648,DROPOUT,1694465893.2666488,1694465894.0534365
3575,GRADUATE,1694465928.07707,1694465930.2696705
2791,GRADUATE,1694465942.9400346,1694465943.670597
988,DROPOUT,1694465958.2916594,1694465958.8938532
3920,DROPOUT,1694465975.6130314,1694465976.4465675
1576,DROPOUT,1694465993.4910564,1694465994.6334047
2,YES,I know various types of AI but never actually have used them
3,10
know,AGREE
fai_4,NEUTRAL
fai_2,AGREE
rel_5,AGREE
com_2,NEUTRAL
com_3,NEUTRAL
fai_1,DISAGREE
fai_5,DISAGREE
com_1,NEUTRAL
rel_1,AGREE
com_5,AGREE
rel_2,NEUTRAL
fai_3,NEUTRAL
