Prolific ID,5eab0ffdc1324e0bd57776c6
1576,DROPOUT,1694465610.6015415,1694465639.9283073
3053,GRADUATE,1694465683.0009897,1694465684.4885507
266,GRADUATE,1694465718.0813763,1694465722.040054
2883,GRADUATE,1694465763.7971973,1694465776.360016
131,GRADUATE,1694465807.3683295,1694465819.2089024
2781,DROPOUT,1694465871.1325207,1694465873.3277998
648,GRADUATE,1694465912.720051,1694465916.489176
3575,DROPOUT,1694465948.3210466,1694465949.3203595
3214,GRADUATE,1694465980.2889047,1694465992.5208378
4096,DROPOUT,1694466018.227236,1694466020.2455223
3232,GRADUATE,1694466042.0487235,1694466062.6125767
2791,GRADUATE,1694466082.5735788,1694466083.632776
3920,DROPOUT,1694466112.8893425,1694466114.769252
2537,GRADUATE,1694466138.6087375,1694466142.441375
988,DROPOUT,1694466162.009459,1694466164.3693182
2,NO,
3,15
know,AGREE
fai_5,AGREE
com_1,AGREE
rel_2,AGREE
fai_1,NEUTRAL
rel_5,AGREE
com_2,AGREE
fai_4,AGREE
fai_3,AGREE
rel_1,NEUTRAL
fai_2,NEUTRAL
com_3,AGREE
com_5,AGREE
