Prolific ID,5d0aa9aa5047d20018b8490d
3214,GRADUATE,1694466041.5264914,1694466064.5545728
2791,GRADUATE,1694466100.6080678,1694466101.2197862
131,GRADUATE,1694466112.5373356,1694466114.8792343
988,DROPOUT,1694466149.9091804,1694466153.7058074
4096,GRADUATE,1694466167.9217312,1694466175.2967534
1576,GRADUATE,1694466203.7231154,1694466204.3896832
2883,GRADUATE,1694466221.8518538,1694466224.3964384
648,GRADUATE,1694466235.7816393,1694466236.5067043
3575,GRADUATE,1694466257.9539545,1694466264.3065238
3053,GRADUATE,1694466274.190375,1694466276.2885497
3920,DROPOUT,1694466292.8531873,1694466295.039063
2781,DROPOUT,1694466305.385389,1694466306.647051
3232,GRADUATE,1694466316.0528212,1694466316.79218
2537,GRADUATE,1694466324.9994848,1694466325.3960452
266,GRADUATE,1694466333.084036,1694466333.5002818
2,YES,I have some works where AI is applied in medical images diagnostics
3,10
know,AGREE
com_2,NEUTRAL
com_5,DISAGREE
rel_1,NEUTRAL
com_3,NEUTRAL
fai_1,AGREE
fai_5,DISAGREE
fai_3,AGREE
rel_5,DISAGREE
fai_4,DISAGREE
com_1,NEUTRAL
fai_2,DISAGREE
rel_2,DISAGREE
