Prolific ID,61248cf0f050d7da074abad1
3232,GRADUATE,1694415966.5396962,1694415994.77221
648,DROPOUT,1694416022.1419764,1694416038.4518332
266,GRADUATE,1694416055.696724,1694416056.6670423
3214,GRADUATE,1694416072.6546903,1694416075.4510965
2537,GRADUATE,1694416100.2587,1694416107.1994417
131,GRADUATE,1694416140.5596871,1694416141.6470072
2883,GRADUATE,1694416151.1261265,1694416152.2084136
3053,GRADUATE,1694416165.4104643,1694416166.7137654
1576,GRADUATE,1694416195.517468,1694416197.9389534
3575,GRADUATE,1694416215.059552,1694416217.101425
3920,GRADUATE,1694416229.5828252,1694416230.873268
4096,GRADUATE,1694416267.4664366,1694416268.6873777
988,DROPOUT,1694416283.8811684,1694416285.298164
2781,GRADUATE,1694416289.4288194,1694416290.9843087
2791,GRADUATE,1694416300.1057646,1694416302.4702213
2,YES,Yes I have
3,9
know,AGREE
fai_1,NEUTRAL
com_5,DISAGREE
com_2,NEUTRAL
fai_3,AGREE
rel_5,NEUTRAL
fai_4,DISAGREE
com_1,NEUTRAL
fai_2,AGREE
rel_1,AGREE
com_3,AGREE
fai_5,NEUTRAL
rel_2,NEUTRAL
