Prolific ID,60754e865cf819ee7dc88fe9
131,DROPOUT,DROPOUT,1693986050.4298959,1693986052.2170398,1693986073.2577708
3920,GRADUATE,GRADUATE,1693986083.8176186,1693986084.9635415,1693986099.6340344
988,GRADUATE,GRADUATE,1693986105.9260445,1693986107.006024,1693986110.140429
648,DROPOUT,DROPOUT,1693986135.0342653,1693986138.7686942,1693986141.5166485
2537,DROPOUT,DROPOUT,1693986145.403872,1693986146.3438733,1693986159.3835938
2791,GRADUATE,GRADUATE,1693986163.5296652,1693986165.252714,1693986167.4243395
3232,GRADUATE,GRADUATE,1693986173.1154113,1693986174.7674024,1693986176.7213306
2781,GRADUATE,DROPOUT,1693986184.4656715,1693986185.6968994,1693986189.4125001
3053,DROPOUT,DROPOUT,1693986208.1381667,1693986209.1782935,1693986211.976681
3575,GRADUATE,GRADUATE,1693986217.4273205,1693986219.0795298,1693986220.942795
1576,GRADUATE,GRADUATE,1693986229.1703632,1693986230.3755786,1693986232.108496
3214,GRADUATE,GRADUATE,1693986238.7870188,1693986239.93687,1693986241.944798
266,GRADUATE,GRADUATE,1693986247.3043458,1693986248.701864,1693986250.4303594
4096,DROPOUT,DROPOUT,1693986260.7500963,1693986261.7883704,1693986263.669874
2883,DROPOUT,DROPOUT,1693986275.0466957,1693986277.0612442,1693986279.23399
2,YES,i work in IT sectory
3,7
know,AGREE
com_1,AGREE
fai_3,NEUTRAL
fai_1,AGREE
com_2,DISAGREE
rel_1,DISAGREE
fai_2,STRONGLY DISAGREE
fai_4,DISAGREE
rel_5,AGREE
com_5,AGREE
com_3,NEUTRAL
rel_2,NEUTRAL
fai_5,AGREE
