Prolific ID,61198b15aede4ef58a2dda0a
266,GRADUATE,GRADUATE,1693986792.1791728,1693986807.7164218,1693986810.160244
988,GRADUATE,GRADUATE,1693986827.128696,1693986827.877558,1693986834.43838
648,GRADUATE,GRADUATE,1693986863.217042,1693986863.7241926,1693986865.3172157
3232,DROPOUT,GRADUATE,1693986880.8009417,1693986881.3723996,1693986891.1732361
2781,DROPOUT,DROPOUT,1693986901.776322,1693986905.0202956,1693986907.2122257
2791,GRADUATE,GRADUATE,1693986919.1922836,1693986919.7250605,1693986920.87725
1576,GRADUATE,GRADUATE,1693986929.128542,1693986929.940162,1693986931.516432
2883,GRADUATE,GRADUATE,1693986947.636586,1693986948.2121873,1693986949.332763
3214,GRADUATE,GRADUATE,1693986963.8565662,1693986964.3722386,1693986965.964246
2537,GRADUATE,GRADUATE,1693986976.92074,1693986977.3019075,1693986978.6304858
4096,GRADUATE,DROPOUT,1693986990.272582,1693986990.6453617,1693986998.3962243
3053,GRADUATE,GRADUATE,1693987004.8982947,1693987005.5241852,1693987006.6207426
3920,GRADUATE,GRADUATE,1693987019.4251854,1693987019.924567,1693987021.5896983
3575,GRADUATE,DROPOUT,1693987032.4500759,1693987032.9241753,1693987035.4722407
131,DROPOUT,GRADUATE,1693987039.5845864,1693987040.179996,1693987050.9090104
2,NO,
3,10
know,AGREE
fai_5,AGREE
fai_1,NEUTRAL
fai_2,DISAGREE
com_2,DISAGREE
rel_5,NEUTRAL
com_1,DISAGREE
rel_1,DISAGREE
fai_3,DISAGREE
com_5,DISAGREE
com_3,DISAGREE
rel_2,STRONGLY DISAGREE
fai_4,DISAGREE
