Prolific ID,5f5c0afb55bc9f3eced6f307
3920,GRADUATE,GRADUATE,1693945093.4694247,1693945096.3800998,1693945116.660934
3575,GRADUATE,GRADUATE,1693945143.2046158,1693945143.7623,1693945191.6270468
2883,GRADUATE,GRADUATE,1693945219.8094606,1693945220.1830554,1693945221.675974
988,DROPOUT,DROPOUT,1693945245.0700622,1693945245.434099,1693945246.7244918
131,GRADUATE,GRADUATE,1693945289.6097493,1693945290.0537803,1693945291.0816886
4096,GRADUATE,GRADUATE,1693945313.1664207,1693945315.0736694,1693945335.323984
266,GRADUATE,GRADUATE,1693945355.752497,1693945356.380857,1693945358.3000643
648,GRADUATE,GRADUATE,1693945369.2958338,1693945369.603947,1693945370.7572803
3214,GRADUATE,GRADUATE,1693945386.7936199,1693945391.7039506,1693945393.061659
3232,DROPOUT,GRADUATE,1693945409.907781,1693945410.1759937,1693945412.038327
2537,GRADUATE,GRADUATE,1693945444.9867496,1693945445.3312795,1693945446.838507
2781,DROPOUT,DROPOUT,1693945455.9039767,1693945456.2374556,1693945457.395065
3053,DROPOUT,DROPOUT,1693945465.8392925,1693945466.0876925,1693945477.8379018
2791,GRADUATE,GRADUATE,1693945519.7428153,1693945520.221181,1693945521.5893319
1576,DROPOUT,DROPOUT,1693945531.3656094,1693945531.7237766,1693945532.7917085
2,YES,I am in a master of artificial inteligence engeenering
3,12
know,AGREE
fai_5,NEUTRAL
fai_1,DISAGREE
rel_2,AGREE
fai_4,DISAGREE
com_2,AGREE
rel_1,DISAGREE
com_3,NEUTRAL
com_1,NEUTRAL
fai_3,AGREE
fai_2,DISAGREE
rel_5,AGREE
com_5,NEUTRAL
