Prolific ID,63ea41fa11c5dc532a6d17d6
266,DROPOUT,DROPOUT,1694005883.8583508,1694005885.1887965,1694005887.9395573
3575,GRADUATE,GRADUATE,1694005910.1060023,1694005911.0896838,1694005929.785975
988,DROPOUT,DROPOUT,1694005940.5217571,1694005941.072465,1694005942.8860416
3920,GRADUATE,GRADUATE,1694005946.0954037,1694005946.7711663,1694005950.9843843
2883,DROPOUT,GRADUATE,1694005953.6708045,1694005954.428839,1694005956.3087797
2791,GRADUATE,GRADUATE,1694005957.3493116,1694005958.0022552,1694005962.1524968
1576,DROPOUT,DROPOUT,1694005965.2112553,1694005967.5177224,1694005969.343629
2537,DROPOUT,GRADUATE,1694005971.8524745,1694005972.3733933,1694005974.3460505
3232,DROPOUT,GRADUATE,1694005975.5071754,1694005976.0494978,1694005977.3265452
2781,GRADUATE,DROPOUT,1694005978.2392673,1694005978.6759434,1694005979.9546914
3053,DROPOUT,GRADUATE,1694005980.8550198,1694005981.1191719,1694005982.315667
3214,GRADUATE,DROPOUT,1694005983.4452128,1694005983.8309531,1694005985.1814163
648,DROPOUT,GRADUATE,1694005986.027226,1694005986.3699896,1694005987.8720686
4096,DROPOUT,GRADUATE,1694005988.8762605,1694005989.2925653,1694005990.5181327
131,DROPOUT,GRADUATE,1694005991.43342,1694005992.6324027,1694005993.8415935
2,NO,
3,12
know,NEUTRAL
rel_2,NEUTRAL
fai_1,NEUTRAL
com_3,STRONGLY DISAGREE
com_2,DISAGREE
fai_2,STRONGLY DISAGREE
fai_4,DISAGREE
rel_1,STRONGLY DISAGREE
rel_5,NEUTRAL
com_1,DISAGREE
com_5,AGREE
fai_5,DISAGREE
fai_3,NEUTRAL
