Prolific ID,5eaf5343e4812265ae537ab7
2781,DROPOUT,DROPOUT,1694005924.5242887,1694005926.626968,1694005929.6983347
131,DROPOUT,DROPOUT,1694005938.2612042,1694005938.8305662,1694005952.6748302
3920,DROPOUT,DROPOUT,1694005991.6219797,1694005992.2528043,1694005994.106273
1576,GRADUATE,GRADUATE,1694006017.9989483,1694006018.625423,1694006022.4377983
988,GRADUATE,GRADUATE,1694006036.8493824,1694006037.4675486,1694006043.765771
3053,GRADUATE,GRADUATE,1694006052.7337425,1694006057.7093794,1694006059.0824215
648,GRADUATE,GRADUATE,1694006069.446975,1694006070.1332855,1694006071.5087514
2883,DROPOUT,DROPOUT,1694006084.4260774,1694006085.0894792,1694006100.422895
3214,GRADUATE,GRADUATE,1694006104.7853622,1694006105.2555254,1694006106.3438404
3232,DROPOUT,GRADUATE,1694006116.781221,1694006120.3006625,1694006130.9537926
2537,GRADUATE,GRADUATE,1694006134.3017433,1694006135.7077458,1694006137.3338048
2791,GRADUATE,GRADUATE,1694006144.3703573,1694006144.8339064,1694006145.9150717
4096,GRADUATE,GRADUATE,1694006150.9984472,1694006151.767463,1694006164.5620985
3575,GRADUATE,GRADUATE,1694006169.1928294,1694006170.4822187,1694006174.6522837
266,GRADUATE,GRADUATE,1694006179.87689,1694006180.7135549,1694006181.6639817
2,YES,I used Chatgpt and other services in my workplace 
3,12
know,DISAGREE
com_2,AGREE
fai_4,NEUTRAL
rel_2,AGREE
rel_5,AGREE
fai_5,DISAGREE
rel_1,DISAGREE
fai_2,NEUTRAL
fai_3,DISAGREE
com_5,AGREE
fai_1,NEUTRAL
com_3,DISAGREE
com_1,NEUTRAL
