Prolific ID,611cec299bebb1fb6dcf388d
3214,GRADUATE,GRADUATE,1694006141.810461,1694006165.5653303,1694006179.2618043
3920,DROPOUT,DROPOUT,1694006295.3700056,1694006303.5657358,1694006316.1024296
1576,DROPOUT,DROPOUT,1694006433.9248402,1694006436.2137427,1694006448.3017662
2883,GRADUATE,GRADUATE,1694006503.6033916,1694006504.5898616,1694006511.4701707
2781,DROPOUT,DROPOUT,1694006584.1537454,1694006585.2133572,1694006588.0699308
648,GRADUATE,GRADUATE,1694006671.9770896,1694006673.0936975,1694006675.2861838
3575,GRADUATE,DROPOUT,1694006756.2731066,1694006763.0219643,1694006778.8543816
3053,DROPOUT,DROPOUT,1694006827.5772693,1694006828.7816827,1694006861.3265057
988,DROPOUT,DROPOUT,1694006942.011202,1694006943.8383918,1694006945.6218913
2791,GRADUATE,GRADUATE,1694006974.1289272,1694006975.7420354,1694006989.903085
266,GRADUATE,GRADUATE,1694007031.8406768,1694007034.3416603,1694007085.46241
2537,GRADUATE,GRADUATE,1694007109.6743283,1694007110.8540556,1694007113.2307022
131,GRADUATE,GRADUATE,1694007150.0900705,1694007151.478205,1694007153.8467314
4096,GRADUATE,GRADUATE,1694007189.5866053,1694007191.494761,1694007195.0378754
3232,DROPOUT,DROPOUT,1694007225.841336,1694007227.9581974,1694007230.1980782
2,YES,NO
3,10
know,STRONGLY DISAGREE
com_3,NEUTRAL
rel_5,NEUTRAL
rel_2,NEUTRAL
com_1,NEUTRAL
fai_5,NEUTRAL
fai_4,NEUTRAL
com_2,NEUTRAL
fai_2,NEUTRAL
rel_1,NEUTRAL
fai_3,NEUTRAL
fai_1,NEUTRAL
com_5,NEUTRAL
