Prolific ID,649db080a1d4b4abed660dcf
131,GRADUATE,GRADUATE,1694034206.4118295,1694034216.6450589,1694034222.7971504
988,DROPOUT,DROPOUT,1694034299.3392289,1694034300.3472023,1694034302.9753163
2537,GRADUATE,GRADUATE,1694034344.4717834,1694034345.4034896,1694034347.9242966
4096,GRADUATE,GRADUATE,1694034392.5691803,1694034393.4353516,1694034433.997975
3920,DROPOUT,DROPOUT,1694034485.5559628,1694034486.5612738,1694034488.9384153
3214,GRADUATE,GRADUATE,1694034521.4313545,1694034522.2686412,1694034523.897704
3053,DROPOUT,DROPOUT,1694034593.06934,1694034593.975373,1694034616.0465872
3232,GRADUATE,GRADUATE,1694034654.6240315,1694034655.2687654,1694034657.4124575
2883,GRADUATE,GRADUATE,1694034685.3675623,1694034685.8354766,1694034687.7284925
266,GRADUATE,GRADUATE,1694034713.0902462,1694034713.5321438,1694034714.9998834
1576,DROPOUT,DROPOUT,1694034740.6573691,1694034741.4667528,1694034743.0908327
2791,GRADUATE,GRADUATE,1694034767.5573874,1694034768.1575515,1694034769.3893902
3575,GRADUATE,GRADUATE,1694034801.789599,1694034802.72584,1694034812.4949567
648,GRADUATE,GRADUATE,1694034841.532107,1694034842.4060607,1694034843.9983616
2781,DROPOUT,DROPOUT,1694034868.432244,1694034869.21414,1694034870.5750027
2,YES,ChatGPT basically, and some other like those AI that generates images.
3,11
know,STRONGLY AGREE
com_2,AGREE
com_5,DISAGREE
com_3,AGREE
fai_2,DISAGREE
fai_3,NEUTRAL
rel_1,NEUTRAL
fai_4,DISAGREE
rel_5,AGREE
com_1,AGREE
fai_5,NEUTRAL
rel_2,AGREE
fai_1,NEUTRAL
