Prolific ID,615325dde7a4d7a78fa314b5
2791,GRADUATE,GRADUATE,1694034374.5847898,1694034392.102405,1694034394.2559934
2883,GRADUATE,GRADUATE,1694034397.254889,1694034398.1705005,1694034400.7895865
988,GRADUATE,GRADUATE,1694034403.062086,1694034403.762938,1694034408.069498
648,GRADUATE,GRADUATE,1694034410.0761,1694034410.8201723,1694034412.3074276
131,GRADUATE,GRADUATE,1694034422.8882146,1694034424.9258916,1694034426.8683488
2781,GRADUATE,GRADUATE,1694034429.4410558,1694034430.1682706,1694034438.9950366
3920,DROPOUT,DROPOUT,1694034447.498647,1694034447.7809274,1694034449.119738
3575,DROPOUT,DROPOUT,1694034452.4293194,1694034452.8925457,1694034454.2032852
3232,GRADUATE,GRADUATE,1694034457.115508,1694034457.4930594,1694034458.5437837
1576,DROPOUT,DROPOUT,1694034459.6106427,1694034460.417277,1694034461.4151554
4096,GRADUATE,GRADUATE,1694034462.5345078,1694034463.0321097,1694034464.5032597
2537,GRADUATE,GRADUATE,1694034465.64424,1694034466.3358223,1694034467.7103117
266,GRADUATE,GRADUATE,1694034469.5295177,1694034469.824821,1694034470.8473027
3214,DROPOUT,DROPOUT,1694034471.77879,1694034472.9990802,1694034474.9221532
3053,GRADUATE,GRADUATE,1694034476.19342,1694034477.335441,1694034478.8400917
2,NO,
3,8
know,AGREE
rel_2,STRONGLY AGREE
fai_1,AGREE
com_2,NEUTRAL
com_3,STRONGLY AGREE
com_5,AGREE
fai_3,NEUTRAL
com_1,DISAGREE
fai_2,AGREE
rel_5,AGREE
fai_5,NEUTRAL
rel_1,STRONGLY AGREE
fai_4,STRONGLY AGREE
