Prolific ID,64f786aff3781f17658fa6e6
2791,GRADUATE,GRADUATE,1693945214.8825462,1693945217.412306,1693945224.8074245
3214,GRADUATE,GRADUATE,1693945275.4452336,1693945276.465369,1693945278.8395627
131,GRADUATE,GRADUATE,1693945348.0953608,1693945348.8716116,1693945351.5976722
3053,GRADUATE,GRADUATE,1693945395.10776,1693945395.8619049,1693945398.5938303
3920,GRADUATE,DROPOUT,1693945438.610846,1693945441.1507857,1693945446.1488328
988,DROPOUT,DROPOUT,1693945488.6425946,1693945489.3571224,1693945491.316379
648,GRADUATE,GRADUATE,1693945524.1737027,1693945524.732135,1693945526.5045767
1576,GRADUATE,DROPOUT,1693945566.863738,1693945567.5604148,1693945588.224097
266,GRADUATE,GRADUATE,1693945612.6194072,1693945613.1864367,1693945614.5925558
4096,GRADUATE,GRADUATE,1693945640.583395,1693945641.4552386,1693945644.7813184
2883,GRADUATE,GRADUATE,1693945658.9869587,1693945659.5700889,1693945661.3375099
3232,GRADUATE,GRADUATE,1693945684.7677455,1693945685.25663,1693945687.341047
2781,DROPOUT,DROPOUT,1693945714.995321,1693945715.6020882,1693945717.3747258
2537,GRADUATE,GRADUATE,1693945738.836403,1693945739.7471316,1693945741.338395
3575,GRADUATE,GRADUATE,1693945766.6547203,1693945767.300986,1693945779.729494
2,YES,I have used chat gpt and photoshop ai
3,12
know,NEUTRAL
fai_5,DISAGREE
fai_1,DISAGREE
rel_2,NEUTRAL
com_1,NEUTRAL
fai_4,DISAGREE
com_5,AGREE
rel_5,AGREE
com_2,AGREE
rel_1,DISAGREE
com_3,NEUTRAL
fai_3,NEUTRAL
fai_2,NEUTRAL
