Prolific ID,605da94ba47f45380a1c7d57
648,GRADUATE,1693944997.5528302,1693944998.197201
2791,GRADUATE,1693945011.8956091,1693945012.7513177
3232,GRADUATE,1693945023.2222276,1693945023.8153806
2883,GRADUATE,1693945038.890269,1693945039.4225008
1576,GRADUATE,1693945047.2523222,1693945048.0478535
3214,GRADUATE,1693945053.5452785,1693945055.2383082
2537,GRADUATE,1693945061.0286453,1693945061.7793775
131,GRADUATE,1693945067.6499705,1693945068.3192675
3920,DROPOUT,1693945075.4517484,1693945075.8768673
4096,GRADUATE,1693945089.2703362,1693945089.9638216
3575,GRADUATE,1693945093.3420725,1693945093.9099336
2781,DROPOUT,1693945101.8372405,1693945102.6693082
266,GRADUATE,1693945105.9435856,1693945106.4576137
3053,GRADUATE,1693945109.3619561,1693945109.8861003
988,DROPOUT,1693945140.0906448,1693945141.9295266
2,YES,yes, by chatgpt
3,10
know,DISAGREE
rel_2,AGREE
fai_5,NEUTRAL
com_3,NEUTRAL
fai_4,DISAGREE
com_5,NEUTRAL
fai_3,AGREE
com_1,AGREE
fai_2,DISAGREE
fai_1,NEUTRAL
com_2,AGREE
rel_5,NEUTRAL
rel_1,NEUTRAL
