Prolific ID,6151b616d2a8cac5c41d3899
1576,DROPOUT,1693986170.6878092,1693986171.8979743
2883,DROPOUT,1693986241.205379,1693986242.0646012
988,DROPOUT,1693986291.6697507,1693986293.7319996
3214,GRADUATE,1693986337.0683734,1693986338.243307
2781,DROPOUT,1693986377.7975156,1693986378.904497
2791,GRADUATE,1693986412.9629183,1693986413.6986911
266,GRADUATE,1693986455.3569598,1693986456.4578767
4096,GRADUATE,1693986492.8280947,1693986496.1385806
648,GRADUATE,1693986529.101243,1693986529.7399993
3575,GRADUATE,1693986549.5019283,1693986550.6572895
2537,GRADUATE,1693986589.010959,1693986589.8009386
131,GRADUATE,1693986616.2214918,1693986616.8018503
3920,DROPOUT,1693986655.084378,1693986655.585904
3232,GRADUATE,1693986733.3616846,1693986734.6100285
3053,GRADUATE,1693986771.6752737,1693986772.489998
2,YES,by using ai tools like chat gpt, ai image creation tools, chatbots
3,12
know,AGREE
fai_5,NEUTRAL
rel_2,AGREE
com_5,AGREE
fai_2,NEUTRAL
com_2,STRONGLY AGREE
com_3,AGREE
com_1,STRONGLY AGREE
rel_5,STRONGLY AGREE
fai_4,DISAGREE
rel_1,NEUTRAL
fai_1,AGREE
fai_3,NEUTRAL
