Prolific ID,60871d7dcbf3bd9bf2c40be8
2791,GRADUATE,1693986036.1198955,1693986037.547492
3920,GRADUATE,1693986083.9816399,1693986085.5048814
988,GRADUATE,1693986103.021798,1693986104.6141522
4096,GRADUATE,1693986117.6756427,1693986119.5724247
2781,DROPOUT,1693986127.7487931,1693986128.5643182
3232,GRADUATE,1693986151.489452,1693986152.5920491
266,GRADUATE,1693986162.9843633,1693986163.9942915
1576,GRADUATE,1693986175.1011639,1693986176.0918207
648,GRADUATE,1693986186.0738044,1693986188.0306928
3214,GRADUATE,1693986194.5499249,1693986195.9015982
2537,GRADUATE,1693986202.5242033,1693986203.5925756
2883,DROPOUT,1693986213.0853941,1693986214.116953
3053,GRADUATE,1693986222.2676706,1693986223.5887897
131,GRADUATE,1693986230.1925955,1693986231.3829584
3575,GRADUATE,1693986239.4096901,1693986240.5300279
2,NO,
3,3
know,NEUTRAL
com_2,DISAGREE
com_3,AGREE
rel_1,AGREE
com_5,AGREE
rel_2,AGREE
rel_5,AGREE
com_1,AGREE
fai_2,DISAGREE
fai_1,DISAGREE
fai_5,NEUTRAL
fai_4,DISAGREE
fai_3,AGREE
