Prolific ID,5ef9b70e432ef80119d3d829
3232,GRADUATE,1693985978.0145884,1693985979.2584317
648,DROPOUT,1693986027.8083193,1693986028.7637398
988,DROPOUT,1693986045.685659,1693986047.3161013
3920,DROPOUT,1693986054.4810252,1693986055.4120255
2537,GRADUATE,1693986063.8727415,1693986065.1647496
4096,GRADUATE,1693986075.5205214,1693986076.3664393
2883,DROPOUT,1693986084.046019,1693986085.3616714
3575,GRADUATE,1693986090.662943,1693986092.1173034
3053,GRADUATE,1693986099.1569679,1693986100.1409156
131,DROPOUT,1693986107.0637853,1693986108.3485854
266,GRADUATE,1693986119.6462114,1693986120.92815
2781,DROPOUT,1693986125.1408038,1693986125.7996774
1576,DROPOUT,1693986130.6542912,1693986131.822158
3214,GRADUATE,1693986136.555825,1693986137.6455889
2791,DROPOUT,1693986142.6698077,1693986147.1044083
2,YES,yes chatgpt
3,11
know,STRONGLY AGREE
rel_5,NEUTRAL
com_2,NEUTRAL
fai_4,NEUTRAL
fai_5,NEUTRAL
rel_2,AGREE
fai_2,DISAGREE
fai_3,NEUTRAL
com_1,AGREE
com_3,NEUTRAL
rel_1,NEUTRAL
fai_1,DISAGREE
com_5,AGREE
