Prolific ID,613aa40f1e0b69d1fb8e1774
3232,DROPOUT,1693945141.75466,1693945143.1529214
3053,GRADUATE,1693945185.0363529,1693945187.4490592
4096,GRADUATE,1693945234.1453385,1693945237.0217056
3920,DROPOUT,1693945277.3850298,1693945278.4907625
3214,GRADUATE,1693945309.304777,1693945314.1643944
2781,DROPOUT,1693945432.5674553,1693945433.7134511
131,GRADUATE,1693945464.6742725,1693945465.7078638
1576,DROPOUT,1693945517.8180714,1693945519.4916599
3575,GRADUATE,1693945542.8186066,1693945544.1777394
2791,GRADUATE,1693945603.2436934,1693945604.281278
2883,GRADUATE,1693945629.8279216,1693945635.9052355
2537,GRADUATE,1693945665.669323,1693945669.8102636
266,GRADUATE,1693945695.8615053,1693945696.6629813
988,DROPOUT,1693945712.306816,1693945713.19849
648,GRADUATE,1693945728.3451076,1693945729.3313768
2,NO,
3,12
know,NEUTRAL
com_2,AGREE
rel_2,AGREE
rel_5,DISAGREE
fai_3,NEUTRAL
fai_5,AGREE
com_1,AGREE
fai_4,DISAGREE
rel_1,STRONGLY AGREE
fai_1,AGREE
fai_2,DISAGREE
com_3,AGREE
com_5,AGREE
