Prolific ID,5ea178d1c3a2440181b09d8c
2537,GRADUATE,1694005795.743736,1694005796.997295
1576,GRADUATE,1694005825.194983,1694005827.7199965
3575,GRADUATE,1694005845.1763303,1694005847.5431733
3232,GRADUATE,1694005862.6701243,1694005863.785409
2791,GRADUATE,1694005876.391521,1694005877.9383733
266,GRADUATE,1694005887.1413374,1694005888.7383118
3053,GRADUATE,1694005900.3678932,1694005901.3963287
3214,GRADUATE,1694005910.8717313,1694005912.3040686
2781,GRADUATE,1694005926.9708524,1694005928.0653782
3920,GRADUATE,1694005943.524907,1694005944.9575531
988,GRADUATE,1694005952.1465225,1694005953.3716595
131,GRADUATE,1694005964.8529024,1694005967.112149
648,GRADUATE,1694005975.7084513,1694005976.4511297
4096,GRADUATE,1694005990.346196,1694005991.763603
2883,GRADUATE,1694005998.9782298,1694006000.4330046
2,NO,
3,12
know,NEUTRAL
com_5,DISAGREE
fai_1,NEUTRAL
fai_4,DISAGREE
fai_2,STRONGLY DISAGREE
com_2,NEUTRAL
com_3,DISAGREE
rel_1,STRONGLY DISAGREE
com_1,DISAGREE
fai_5,STRONGLY DISAGREE
fai_3,STRONGLY DISAGREE
rel_5,AGREE
rel_2,DISAGREE
