Prolific ID,5fc8fee1f884d731e085f8d1
3053,GRADUATE,1694005829.4847474,1694005830.501475
2883,GRADUATE,1694005874.5958571,1694005876.4640558
3575,GRADUATE,1694005901.9283056,1694005903.0129538
3214,GRADUATE,1694005942.7961802,1694005943.6767607
131,GRADUATE,1694005973.6831927,1694005974.5050445
648,GRADUATE,1694006011.4958827,1694006012.2440183
3920,DROPOUT,1694006030.8225396,1694006031.7565954
266,GRADUATE,1694006049.7531302,1694006053.724588
2537,GRADUATE,1694006068.7049456,1694006069.5277116
2791,GRADUATE,1694006085.2583091,1694006086.3184478
1576,DROPOUT,1694006100.6050303,1694006101.248591
3232,GRADUATE,1694006113.4578447,1694006117.0848076
2781,DROPOUT,1694006133.7526915,1694006134.3665774
4096,GRADUATE,1694006154.9142118,1694006155.6838274
988,DROPOUT,1694006176.999068,1694006177.6169562
2,YES,Chat bots
3,14
know,NEUTRAL
fai_5,DISAGREE
fai_1,AGREE
fai_2,DISAGREE
com_2,NEUTRAL
com_3,NEUTRAL
rel_2,DISAGREE
com_5,AGREE
com_1,DISAGREE
fai_4,DISAGREE
fai_3,DISAGREE
rel_1,NEUTRAL
rel_5,NEUTRAL
