Prolific ID,61080e09dc39e58cfab904f9
2883,GRADUATE,1694006021.8760774,1694006022.7348127
266,GRADUATE,1694006040.7457209,1694006041.8761172
3232,GRADUATE,1694006072.2528746,1694006073.1790965
4096,GRADUATE,1694006100.2834725,1694006101.179116
2791,GRADUATE,1694006114.655527,1694006115.4532826
2537,GRADUATE,1694006125.8118463,1694006126.5523512
3214,GRADUATE,1694006132.5885565,1694006133.1270547
1576,DROPOUT,1694006162.398276,1694006164.6403792
3053,GRADUATE,1694006175.5332522,1694006176.3569438
988,GRADUATE,1694006189.4607148,1694006191.4111378
131,GRADUATE,1694006198.751791,1694006201.148725
648,GRADUATE,1694006207.552408,1694006213.034098
3920,DROPOUT,1694006220.8199816,1694006224.1498296
3575,GRADUATE,1694006227.249734,1694006233.8008113
2781,DROPOUT,1694006256.8561528,1694006257.7489672
2,YES,I have used chat gpt before, but not professionally
3,8
know,STRONGLY AGREE
com_3,AGREE
fai_3,NEUTRAL
rel_1,NEUTRAL
com_2,AGREE
fai_2,AGREE
com_5,AGREE
fai_5,NEUTRAL
rel_2,AGREE
rel_5,AGREE
fai_1,AGREE
com_1,DISAGREE
fai_4,DISAGREE
