Prolific ID,6130fbdcf112f58c0bd7fd7e
131,DROPOUT,1694006284.1795166,1694006285.4363935
988,DROPOUT,1694006555.5077631,1694006556.7264984
3214,GRADUATE,1694006565.0042853,1694006565.9592085
266,GRADUATE,1694006574.171581,1694006575.0472486
2791,GRADUATE,1694006584.8275511,1694006585.6309977
648,GRADUATE,1694006593.7463298,1694006594.4783
4096,GRADUATE,1694006611.500016,1694006612.4628723
1576,DROPOUT,1694006622.5552347,1694006623.407167
3053,DROPOUT,1694006634.4131975,1694006635.4232187
3232,DROPOUT,1694006826.534522,1694006827.416822
3920,DROPOUT,1694006838.7012155,1694006840.0328155
2537,GRADUATE,1694006847.7165706,1694006848.6977317
2781,DROPOUT,1694006857.7916,1694006858.607369
2883,DROPOUT,1694006864.4766064,1694006865.3753974
3575,GRADUATE,1694006873.3575163,1694006874.7182887
2,YES,At work
3,11
know,STRONGLY AGREE
rel_5,AGREE
fai_4,NEUTRAL
rel_1,AGREE
com_3,AGREE
com_5,AGREE
fai_3,AGREE
fai_1,NEUTRAL
fai_5,AGREE
rel_2,AGREE
fai_2,NEUTRAL
com_2,AGREE
com_1,AGREE
