Prolific ID,5e3f0bbe9907e915e0179f44
2791,GRADUATE,1694034176.3526397,1694034178.6477063
4096,GRADUATE,1694034233.3043478,1694034234.4022512
2537,GRADUATE,1694034251.588543,1694034252.4625993
648,GRADUATE,1694034292.2856522,1694034293.330078
2781,DROPOUT,1694034316.1018186,1694034316.9229782
131,GRADUATE,1694034342.3025799,1694034343.6705701
3575,GRADUATE,1694034362.0951197,1694034364.9535854
3232,GRADUATE,1694034387.5424883,1694034388.7511017
3053,GRADUATE,1694034402.0504975,1694034402.8781838
2883,DROPOUT,1694034434.2030067,1694034437.001628
988,DROPOUT,1694034454.9355147,1694034456.7701278
3920,DROPOUT,1694034472.1446247,1694034472.9003725
266,GRADUATE,1694034484.626418,1694034486.6562254
1576,DROPOUT,1694034505.28332,1694034506.0147812
3214,GRADUATE,1694034518.5316925,1694034519.337243
2,NO,
3,12
know,AGREE
com_1,AGREE
fai_5,AGREE
rel_2,AGREE
com_2,NEUTRAL
com_5,AGREE
fai_4,NEUTRAL
fai_2,NEUTRAL
rel_5,AGREE
com_3,NEUTRAL
rel_1,AGREE
fai_3,NEUTRAL
fai_1,NEUTRAL
