Prolific ID,61635d1afa38f65a8ce24035
988,GRADUATE,1694034208.0285091,1694034209.6863508
2537,GRADUATE,1694034232.573071,1694034234.9011502
3214,GRADUATE,1694034280.540659,1694034281.393063
3232,GRADUATE,1694034305.0585155,1694034305.7202585
266,GRADUATE,1694034334.044378,1694034334.7263927
648,GRADUATE,1694034346.6883738,1694034347.1585517
3053,GRADUATE,1694034380.5505705,1694034381.1424212
2791,GRADUATE,1694034390.3643508,1694034391.2100537
1576,GRADUATE,1694034413.6821923,1694034414.6606636
3920,GRADUATE,1694034427.0106034,1694034428.44251
3575,GRADUATE,1694034439.8044026,1694034440.8074834
4096,GRADUATE,1694034454.7213385,1694034455.3642592
2883,GRADUATE,1694034468.622344,1694034469.3205187
2781,DROPOUT,1694034494.2643642,1694034494.7847936
131,GRADUATE,1694034505.0129242,1694034506.1660051
2,NO,
3,10
know,NEUTRAL
rel_2,AGREE
com_2,AGREE
rel_1,DISAGREE
rel_5,AGREE
fai_1,AGREE
com_5,AGREE
fai_4,DISAGREE
com_3,AGREE
fai_2,AGREE
com_1,AGREE
fai_3,AGREE
fai_5,AGREE
