Prolific ID,60dd626e212aa26c16d953b7
2883,GRADUATE,GRADUATE,1693985894.1573453,1693985896.3573644,1693985900.0258017
131,GRADUATE,GRADUATE,1693985937.469042,1693985937.9711654,1693985939.3268402
3920,DROPOUT,DROPOUT,1693985976.8721213,1693985977.306194,1693985978.6796906
2537,GRADUATE,GRADUATE,1693985999.8111527,1693986000.2222147,1693986001.345344
3053,GRADUATE,GRADUATE,1693986019.955747,1693986020.3719795,1693986021.5442948
2791,GRADUATE,GRADUATE,1693986042.2031314,1693986042.6268132,1693986043.5709755
3214,DROPOUT,GRADUATE,1693986057.9660513,1693986058.300355,1693986061.7912698
4096,GRADUATE,GRADUATE,1693986074.727504,1693986075.1755898,1693986078.8659854
3232,DROPOUT,DROPOUT,1693986090.1864412,1693986090.5952923,1693986093.017994
648,GRADUATE,GRADUATE,1693986111.056575,1693986111.5131097,1693986154.7813118
266,GRADUATE,GRADUATE,1693986215.224118,1693986220.7379563,1693986237.740127
2781,DROPOUT,DROPOUT,1693986354.8574858,1693986355.2636652,1693986356.3417666
3575,GRADUATE,DROPOUT,1693986367.9362838,1693986368.3515944,1693986369.9230804
988,GRADUATE,DROPOUT,1693986386.4320536,1693986386.804284,1693986388.231732
1576,GRADUATE,DROPOUT,1693986398.718151,1693986403.4170184,1693986404.9478183
2,YES,chatting mostly
3,10
know,AGREE
com_5,STRONGLY AGREE
fai_2,NEUTRAL
com_2,AGREE
rel_5,AGREE
fai_4,DISAGREE
fai_5,DISAGREE
com_3,AGREE
fai_1,DISAGREE
com_1,AGREE
rel_2,NEUTRAL
fai_3,NEUTRAL
rel_1,NEUTRAL
