Prolific ID,604b6dc9936bbc8b4ac79b39
3920,GRADUATE,GRADUATE,1693986040.5118883,1693986042.137836,1693986073.9182255
266,GRADUATE,GRADUATE,1693986116.1375668,1693986117.8745944,1693986122.856572
2781,DROPOUT,DROPOUT,1693986149.019475,1693986150.1970613,1693986154.9517946
3053,GRADUATE,GRADUATE,1693986175.3310418,1693986176.4609942,1693986178.437144
131,GRADUATE,GRADUATE,1693986194.6864924,1693986195.443995,1693986197.4063654
2537,GRADUATE,GRADUATE,1693986212.613962,1693986213.4767964,1693986215.2806106
1576,GRADUATE,GRADUATE,1693986238.84775,1693986239.9966083,1693986257.491709
3575,DROPOUT,DROPOUT,1693986284.814865,1693986285.31259,1693986288.7533395
4096,GRADUATE,GRADUATE,1693986302.9689944,1693986303.9320369,1693986315.4345803
3214,GRADUATE,GRADUATE,1693986332.1893003,1693986332.6759074,1693986334.2756214
2883,DROPOUT,DROPOUT,1693986355.1060684,1693986357.2253907,1693986363.1696682
3232,GRADUATE,GRADUATE,1693986381.750564,1693986382.8496459,1693986384.8363144
988,GRADUATE,DROPOUT,1693986404.7241635,1693986405.3523722,1693986407.6709843
2791,GRADUATE,GRADUATE,1693986427.110283,1693986427.8661144,1693986429.9123406
648,GRADUATE,GRADUATE,1693986446.0262413,1693986446.8236763,1693986448.6555898
2,YES,Internet 
3,9
know,AGREE
rel_1,NEUTRAL
com_5,NEUTRAL
rel_2,AGREE
fai_5,NEUTRAL
fai_4,DISAGREE
com_1,AGREE
rel_5,NEUTRAL
fai_1,DISAGREE
com_2,NEUTRAL
com_3,AGREE
fai_3,AGREE
fai_2,NEUTRAL
