Prolific ID,60c74e798ba19c7c43a9f8e3
131,DROPOUT,DROPOUT,1693985922.9585218,1693985924.8808725,1693985929.4488108
3232,GRADUATE,GRADUATE,1693985940.5867352,1693985941.632526,1693985943.7276525
266,GRADUATE,GRADUATE,1693985955.410181,1693985966.7839808,1693985968.2666748
3214,GRADUATE,GRADUATE,1693985974.4583178,1693985975.6559134,1693985977.3133001
1576,GRADUATE,GRADUATE,1693985989.226746,1693985990.0368092,1693985996.616411
2791,DROPOUT,DROPOUT,1693986003.1455524,1693986004.2002056,1693986007.777684
2537,GRADUATE,GRADUATE,1693986009.3302178,1693986010.1775987,1693986011.944065
648,GRADUATE,GRADUATE,1693986013.2901595,1693986014.0913234,1693986016.3204916
4096,DROPOUT,DROPOUT,1693986017.5144508,1693986018.1475985,1693986022.456367
3920,GRADUATE,GRADUATE,1693986024.742979,1693986025.5655599,1693986027.7290256
3575,DROPOUT,DROPOUT,1693986029.675497,1693986031.0000315,1693986034.09612
3053,GRADUATE,GRADUATE,1693986036.6900406,1693986037.2565026,1693986039.2317038
2883,GRADUATE,GRADUATE,1693986040.6977603,1693986041.4012167,1693986042.968304
988,GRADUATE,GRADUATE,1693986044.570602,1693986046.0651,1693986047.4403014
2781,DROPOUT,DROPOUT,1693986048.8589897,1693986050.368152,1693986052.896515
2,YES,I have used ChatGPT for writing emails
3,9
know,STRONGLY AGREE
com_2,STRONGLY AGREE
com_3,AGREE
fai_2,AGREE
rel_1,STRONGLY AGREE
com_5,STRONGLY AGREE
fai_5,AGREE
fai_4,AGREE
rel_2,AGREE
com_1,AGREE
fai_3,AGREE
fai_1,AGREE
rel_5,AGREE
