Prolific ID,5e9efe26ffd5fe04e506d7f3
2791,GRADUATE,GRADUATE,1693985978.7373703,1693985997.3624344,1693986004.0572736
3575,GRADUATE,GRADUATE,1693986038.5751545,1693986039.7172654,1693986042.3528793
4096,DROPOUT,DROPOUT,1693986081.8979137,1693986083.41628,1693986085.4311635
2883,DROPOUT,GRADUATE,1693986122.2973638,1693986123.3409986,1693986127.5166144
3232,DROPOUT,DROPOUT,1693986155.0963733,1693986155.6127858,1693986157.7869759
988,DROPOUT,DROPOUT,1693986180.0486624,1693986181.1743915,1693986182.8792198
1576,GRADUATE,GRADUATE,1693986215.1130483,1693986215.8394656,1693986230.6084971
3214,GRADUATE,GRADUATE,1693986254.7412758,1693986255.7924182,1693986257.3955576
266,GRADUATE,GRADUATE,1693986313.990949,1693986314.9565709,1693986316.4536989
131,DROPOUT,DROPOUT,1693986330.7858114,1693986331.268314,1693986335.7803063
2781,DROPOUT,DROPOUT,1693986349.6140287,1693986350.072292,1693986351.5274212
3053,GRADUATE,GRADUATE,1693986378.085603,1693986378.7910163,1693986380.4084256
3920,DROPOUT,DROPOUT,1693986395.8374202,1693986396.7274263,1693986398.351339
648,DROPOUT,GRADUATE,1693986434.4533908,1693986434.957399,1693986437.2243376
2537,GRADUATE,GRADUATE,1693986470.0085518,1693986470.5443451,1693986471.944381
2,NO,
3,10
know,STRONGLY AGREE
fai_1,AGREE
com_1,STRONGLY AGREE
com_5,STRONGLY AGREE
com_3,STRONGLY AGREE
rel_5,STRONGLY AGREE
fai_2,AGREE
rel_1,NEUTRAL
com_2,NEUTRAL
fai_5,NEUTRAL
fai_3,NEUTRAL
fai_4,DISAGREE
rel_2,AGREE
