Prolific ID,5962afc407ed5e0001cd0ff3
3053,DROPOUT,DROPOUT,1693945092.8080535,1693945094.8562708,1693945109.0383856
648,DROPOUT,DROPOUT,1693945150.1007197,1693945151.3617506,1693945153.2352967
2537,GRADUATE,GRADUATE,1693945173.5729647,1693945174.9136503,1693945176.9538682
266,GRADUATE,GRADUATE,1693945207.019705,1693945210.2217991,1693945211.556049
3214,GRADUATE,GRADUATE,1693945227.508992,1693945228.6848972,1693945230.2725754
988,DROPOUT,DROPOUT,1693945251.0137973,1693945252.227803,1693945254.309909
131,GRADUATE,GRADUATE,1693945279.7582524,1693945280.8177438,1693945282.0859222
2883,GRADUATE,GRADUATE,1693945305.1338422,1693945306.525985,1693945307.8029296
4096,GRADUATE,GRADUATE,1693945323.6416445,1693945324.327565,1693945347.1672018
2791,GRADUATE,GRADUATE,1693945367.31449,1693945368.5977972,1693945369.6718743
2781,DROPOUT,DROPOUT,1693945384.7748177,1693945385.6097999,1693945386.9856157
3920,DROPOUT,DROPOUT,1693945413.8742821,1693945414.9756067,1693945416.6987288
1576,DROPOUT,DROPOUT,1693945442.2649136,1693945443.8836455,1693945445.4498005
3232,DROPOUT,GRADUATE,1693945491.887092,1693945492.6388974,1693945496.3090923
3575,GRADUATE,GRADUATE,1693945508.5238502,1693945509.4292169,1693945524.9832006
2,YES,Through ChatGPT, as well as discussions on Reddit
3,13
know,NEUTRAL
com_1,NEUTRAL
com_2,DISAGREE
fai_2,AGREE
fai_5,STRONGLY DISAGREE
fai_1,DISAGREE
rel_2,AGREE
rel_5,NEUTRAL
fai_3,DISAGREE
com_3,DISAGREE
com_5,NEUTRAL
fai_4,STRONGLY DISAGREE
rel_1,STRONGLY DISAGREE
