Prolific ID,6163df3f316fdfd57f02e51f
2883,GRADUATE,GRADUATE,1693986078.2364967,1693986083.3443453,1693986090.8760812
988,DROPOUT,DROPOUT,1693986139.5171623,1693986140.8971763,1693986144.1379347
3575,DROPOUT,DROPOUT,1693986191.4267,1693986192.1466696,1693986194.806757
2791,DROPOUT,GRADUATE,1693986214.6185007,1693986215.28726,1693986241.061112
3214,GRADUATE,GRADUATE,1693986269.2338495,1693986270.3247786,1693986272.0458257
4096,GRADUATE,GRADUATE,1693986300.8266666,1693986301.7888887,1693986305.7242837
131,GRADUATE,GRADUATE,1693986319.6057734,1693986320.7072062,1693986322.586882
2537,GRADUATE,GRADUATE,1693986349.1829846,1693986350.3172207,1693986351.98694
1576,DROPOUT,DROPOUT,1693986366.350491,1693986367.3608286,1693986369.097709
648,GRADUATE,GRADUATE,1693986380.226489,1693986381.4661098,1693986383.0882347
3053,DROPOUT,DROPOUT,1693986401.1565948,1693986402.3612232,1693986404.1268954
3920,DROPOUT,DROPOUT,1693986424.2846653,1693986425.237092,1693986426.906124
3232,GRADUATE,GRADUATE,1693986440.8267543,1693986441.8567326,1693986443.4862902
266,GRADUATE,GRADUATE,1693986452.4068117,1693986453.4271743,1693986454.770764
2781,DROPOUT,DROPOUT,1693986465.6366215,1693986466.4158611,1693986468.1161382
2,YES,No i have not.
3,9
know,STRONGLY AGREE
com_1,AGREE
fai_2,NEUTRAL
fai_3,NEUTRAL
rel_2,AGREE
rel_1,NEUTRAL
rel_5,AGREE
fai_4,AGREE
fai_5,AGREE
com_2,AGREE
com_3,NEUTRAL
com_5,NEUTRAL
fai_1,NEUTRAL
