Prolific ID,61012d6d362a6eaa2ca78ebd
3053,GRADUATE,GRADUATE,1693986207.3282802,1693986207.744211,1693986223.8030026
3214,GRADUATE,GRADUATE,1693986239.2387369,1693986248.9408987,1693986251.3669791
2537,GRADUATE,GRADUATE,1693986261.0377877,1693986263.16857,1693986269.0719306
648,GRADUATE,GRADUATE,1693986274.980595,1693986278.685399,1693986281.9508255
3232,DROPOUT,DROPOUT,1693986293.8775272,1693986296.453346,1693986299.7502623
1576,GRADUATE,GRADUATE,1693986309.8192103,1693986313.676285,1693986317.8317206
3920,DROPOUT,DROPOUT,1693986326.1656384,1693986330.9538984,1693986337.1426063
2791,GRADUATE,GRADUATE,1693986356.524311,1693986360.91878,1693986366.1068873
4096,DROPOUT,DROPOUT,1693986371.567949,1693986375.0572667,1693986378.1481519
3575,GRADUATE,GRADUATE,1693986386.8884306,1693986389.074806,1693986392.8160126
2883,DROPOUT,DROPOUT,1693986401.5985243,1693986403.8317132,1693986407.2019403
266,GRADUATE,GRADUATE,1693986411.7744057,1693986414.955396,1693986418.7322352
2781,DROPOUT,DROPOUT,1693986423.491402,1693986425.1515617,1693986428.3215969
988,GRADUATE,GRADUATE,1693986432.3902946,1693986437.5761209,1693986441.2551665
131,DROPOUT,DROPOUT,1693986447.040569,1693986448.0778186,1693986451.725536
2,YES,Through my university degree, the University of Johannesburg is leading AI Africa
3,12
know,STRONGLY AGREE
fai_4,NEUTRAL
com_2,AGREE
fai_1,DISAGREE
com_5,AGREE
rel_2,AGREE
fai_2,STRONGLY DISAGREE
com_3,DISAGREE
com_1,NEUTRAL
rel_1,NEUTRAL
fai_3,DISAGREE
rel_5,DISAGREE
fai_5,NEUTRAL
