Prolific ID,64da55d88ceefa9ca105533a
266,GRADUATE,GRADUATE,1694005809.5245032,1694005811.5961928,1694005814.0324473
2537,GRADUATE,GRADUATE,1694005837.9047909,1694005839.0320206,1694005840.2134976
131,DROPOUT,DROPOUT,1694005849.9846475,1694005851.2720125,1694005884.75143
3232,GRADUATE,GRADUATE,1694005912.0646663,1694005917.5919955,1694005918.6322353
988,DROPOUT,DROPOUT,1694005949.0516226,1694005949.371779,1694005952.0777934
1576,GRADUATE,DROPOUT,1694005967.6643596,1694005977.4315712,1694005980.2611325
3214,GRADUATE,GRADUATE,1694005990.7246838,1694005991.5048459,1694005997.2517698
2781,DROPOUT,DROPOUT,1694006006.1254523,1694006006.5270474,1694006008.5734668
648,GRADUATE,GRADUATE,1694006029.6451578,1694006031.830269,1694006032.8920102
2883,DROPOUT,DROPOUT,1694006039.365147,1694006039.9318953,1694006044.281634
3920,GRADUATE,GRADUATE,1694006072.9450178,1694006073.3519921,1694006074.8918703
2791,GRADUATE,GRADUATE,1694006089.2250674,1694006089.831361,1694006090.7520466
3053,GRADUATE,GRADUATE,1694006109.1843798,1694006112.6403968,1694006113.6518264
3575,GRADUATE,GRADUATE,1694006119.104671,1694006119.8117118,1694006139.8143473
4096,GRADUATE,GRADUATE,1694006185.3845556,1694006185.8538716,1694006203.409289
2,YES,Coding with ChatGPT assistance
3,13
know,AGREE
rel_2,AGREE
com_2,STRONGLY AGREE
fai_4,DISAGREE
fai_3,STRONGLY AGREE
fai_2,AGREE
com_1,STRONGLY AGREE
fai_1,NEUTRAL
com_5,STRONGLY AGREE
fai_5,STRONGLY AGREE
com_3,AGREE
rel_5,STRONGLY AGREE
rel_1,AGREE
