Prolific ID,611ffd0144ffab1ea63cd158
3575,DROPOUT,DROPOUT,1694005879.949933,1694005883.5347843,1694005886.455772
1576,DROPOUT,DROPOUT,1694005906.739954,1694005908.4640274,1694005910.2627723
131,DROPOUT,GRADUATE,1694005914.0517771,1694005915.2267969,1694005926.3043947
3214,DROPOUT,GRADUATE,1694005932.0216448,1694005934.8409615,1694005941.8565166
2791,DROPOUT,GRADUATE,1694005943.5918255,1694005944.4642913,1694005946.4321947
3053,GRADUATE,GRADUATE,1694005947.747242,1694005948.6643136,1694005950.1368299
3232,GRADUATE,GRADUATE,1694005973.5608816,1694005974.5670822,1694005975.9848144
2883,DROPOUT,GRADUATE,1694005977.16334,1694005977.636756,1694005980.2017248
2781,DROPOUT,DROPOUT,1694005981.5961118,1694005982.0324988,1694005983.9963558
988,DROPOUT,DROPOUT,1694005985.2996392,1694005985.756201,1694005987.7450764
3920,DROPOUT,DROPOUT,1694005989.227449,1694005990.0565088,1694005991.4998868
648,DROPOUT,GRADUATE,1694005992.9561443,1694005993.392688,1694005994.921609
266,GRADUATE,GRADUATE,1694005996.2207305,1694005996.9099698,1694005998.1444895
4096,GRADUATE,DROPOUT,1694005999.3482864,1694006000.1929452,1694006002.9525368
2537,GRADUATE,GRADUATE,1694006013.9962258,1694006015.0886729,1694006016.9053326
2,YES,Through google's BARD AI and Stable Diffusion
3,15
know,NEUTRAL
com_1,AGREE
fai_1,AGREE
rel_5,AGREE
rel_2,NEUTRAL
com_2,NEUTRAL
fai_4,AGREE
fai_3,AGREE
com_3,NEUTRAL
fai_2,AGREE
com_5,NEUTRAL
fai_5,NEUTRAL
rel_1,AGREE
