Prolific ID,614f6fef4b3e9426163bde26
131,GRADUATE,GRADUATE,1694005890.0535073,1694005891.766815,1694005897.3791375
3232,DROPOUT,DROPOUT,1694005908.555823,1694005909.1704626,1694005911.275994
3053,GRADUATE,GRADUATE,1694005921.8658452,1694005922.5000203,1694005923.7837796
2791,GRADUATE,GRADUATE,1694005931.6230986,1694005933.4520457,1694005935.2203107
988,GRADUATE,DROPOUT,1694005945.128468,1694005945.6860747,1694005952.212293
3214,DROPOUT,DROPOUT,1694005958.2385142,1694005958.7089038,1694005961.166044
2883,GRADUATE,GRADUATE,1694005967.7847288,1694005979.6393478,1694005980.7943096
2537,GRADUATE,GRADUATE,1694005990.7943585,1694005991.3670852,1694005992.6980402
266,GRADUATE,GRADUATE,1694005998.0201051,1694005998.495776,1694005999.5953898
1576,GRADUATE,DROPOUT,1694006007.0153365,1694006007.7108939,1694006009.635852
3920,DROPOUT,DROPOUT,1694006016.8033414,1694006017.7209206,1694006019.2650466
4096,DROPOUT,DROPOUT,1694006028.9564524,1694006029.5263386,1694006030.5487652
648,GRADUATE,GRADUATE,1694006036.136722,1694006036.6607616,1694006037.698619
3575,DROPOUT,DROPOUT,1694006054.2041693,1694006054.7794998,1694006055.821325
2781,DROPOUT,DROPOUT,1694006063.076626,1694006063.3921962,1694006064.459036
2,YES,-
3,10
know,NEUTRAL
rel_5,AGREE
fai_2,AGREE
fai_3,NEUTRAL
com_1,AGREE
com_5,DISAGREE
com_2,DISAGREE
fai_5,NEUTRAL
fai_4,DISAGREE
rel_2,STRONGLY DISAGREE
com_3,DISAGREE
rel_1,DISAGREE
fai_1,DISAGREE
