Prolific ID,60d3b726feef642a15b86870
3214,GRADUATE,GRADUATE,1694005859.4258528,1694005960.8763697,1694005964.6420305
1576,GRADUATE,GRADUATE,1694005995.569831,1694005996.975741,1694006000.8246174
2781,GRADUATE,GRADUATE,1694006036.5930896,1694006037.550511,1694006039.5810401
2883,GRADUATE,GRADUATE,1694006049.4978766,1694006050.418732,1694006052.8055289
2537,GRADUATE,GRADUATE,1694006054.4605079,1694006059.4373827,1694006062.008079
3920,GRADUATE,DROPOUT,1694006071.1368532,1694006071.8723993,1694006074.4286647
3053,GRADUATE,GRADUATE,1694006083.3773594,1694006084.4366822,1694006086.562008
266,GRADUATE,GRADUATE,1694006092.921224,1694006094.0773716,1694006096.14102
3575,GRADUATE,DROPOUT,1694006102.7928543,1694006103.5519881,1694006106.5088696
4096,DROPOUT,DROPOUT,1694006126.1711316,1694006127.1152966,1694006129.574045
131,GRADUATE,GRADUATE,1694006145.678524,1694006146.480107,1694006148.343775
3232,GRADUATE,GRADUATE,1694006159.8691125,1694006161.029452,1694006162.795512
2791,GRADUATE,GRADUATE,1694006169.2666256,1694006170.138321,1694006172.0266864
988,DROPOUT,DROPOUT,1694006179.4480093,1694006180.5181227,1694006182.5174167
648,DROPOUT,GRADUATE,1694006199.0846195,1694006199.7264714,1694006203.2416122
2,YES,i think it was pretty biased towards the older students here
3,0
know,AGREE
rel_5,NEUTRAL
rel_2,DISAGREE
fai_3,NEUTRAL
com_5,AGREE
fai_2,AGREE
com_1,NEUTRAL
fai_5,AGREE
com_2,NEUTRAL
com_3,AGREE
fai_4,AGREE
rel_1,NEUTRAL
fai_1,AGREE
