Prolific ID,615ab3f549c5edb35abf2ab2
3575,GRADUATE,DROPOUT,1694006041.4742517,1694006042.283972,1694006067.396544
3920,GRADUATE,GRADUATE,1694006084.0827065,1694006087.899709,1694006091.2946925
988,DROPOUT,DROPOUT,1694006094.5856452,1694006095.7795315,1694006098.2891066
131,GRADUATE,GRADUATE,1694006103.062614,1694006103.6236289,1694006106.2567513
4096,DROPOUT,DROPOUT,1694006108.595739,1694006109.6525023,1694006112.3147569
2791,GRADUATE,GRADUATE,1694006114.9565668,1694006115.7306342,1694006117.3257737
2537,DROPOUT,DROPOUT,1694006119.6354494,1694006121.233234,1694006124.6612427
266,GRADUATE,GRADUATE,1694006128.7241013,1694006129.4696503,1694006312.5785418
2883,DROPOUT,GRADUATE,1694006328.3045151,1694006329.618695,1694006332.0007613
1576,GRADUATE,GRADUATE,1694006333.5568237,1694006337.4333766,1694006339.6276069
648,DROPOUT,GRADUATE,1694006341.0479639,1694006344.3652897,1694006346.3803618
2781,GRADUATE,DROPOUT,1694006348.0262938,1694006348.4225516,1694006352.8374298
3053,DROPOUT,GRADUATE,1694006354.5022786,1694006355.6567295,1694006358.721383
3214,DROPOUT,GRADUATE,1694006361.3361723,1694006361.8714845,1694006363.7351317
3232,GRADUATE,GRADUATE,1694006365.2661386,1694006367.339124,1694006368.73733
2,YES,I have been in contact with it through chatgpt
3,8
know,DISAGREE
fai_1,DISAGREE
fai_3,AGREE
rel_1,AGREE
rel_2,AGREE
fai_5,NEUTRAL
rel_5,NEUTRAL
com_5,AGREE
com_3,NEUTRAL
com_2,NEUTRAL
fai_2,DISAGREE
com_1,NEUTRAL
fai_4,DISAGREE
