Prolific ID,5da0a0ce117b92001465fa35
3232,DROPOUT,DROPOUT,1694006237.8695273,1694006239.9743924,1694006244.3321075
3214,GRADUATE,GRADUATE,1694006260.1539419,1694006261.1983168,1694006263.2808185
1576,DROPOUT,DROPOUT,1694006279.720899,1694006280.4656427,1694006282.5305786
648,GRADUATE,GRADUATE,1694006291.4911609,1694006292.3553362,1694006295.1157427
4096,GRADUATE,GRADUATE,1694006306.817435,1694006307.86555,1694006316.880511
131,DROPOUT,DROPOUT,1694006322.70196,1694006323.4121206,1694006325.1737292
3053,GRADUATE,GRADUATE,1694006330.8401692,1694006331.6436958,1694006333.225672
3575,GRADUATE,DROPOUT,1694006347.0120344,1694006347.771742,1694006352.3852668
2791,GRADUATE,GRADUATE,1694006360.5903385,1694006361.7912972,1694006364.2547169
3920,DROPOUT,DROPOUT,1694006374.576361,1694006375.274104,1694006376.8351624
2781,DROPOUT,DROPOUT,1694006396.4581575,1694006397.3173583,1694006398.7568662
266,GRADUATE,GRADUATE,1694006405.2208858,1694006405.8372977,1694006407.332408
2537,GRADUATE,GRADUATE,1694006413.1432347,1694006413.8254967,1694006415.3023214
2883,DROPOUT,DROPOUT,1694006423.148773,1694006423.8003547,1694006425.287231
988,GRADUATE,DROPOUT,1694006429.9457183,1694006430.535245,1694006433.333618
2,NO,
3,10
know,AGREE
fai_5,NEUTRAL
fai_1,NEUTRAL
fai_2,DISAGREE
rel_1,NEUTRAL
com_1,NEUTRAL
com_3,NEUTRAL
rel_5,AGREE
fai_3,DISAGREE
com_2,NEUTRAL
rel_2,NEUTRAL
fai_4,AGREE
com_5,AGREE
