Prolific ID,613af1d83ec1a51d557b4dd2
3232,GRADUATE,GRADUATE,1694034030.6799908,1694034032.074067,1694034035.7055767
266,GRADUATE,GRADUATE,1694034066.0501847,1694034066.9260135,1694034068.7385757
4096,DROPOUT,DROPOUT,1694034088.8326793,1694034089.6331358,1694034092.758398
3053,DROPOUT,GRADUATE,1694034102.120882,1694034102.8309736,1694034127.9069252
131,GRADUATE,GRADUATE,1694034139.0309093,1694034139.8291898,1694034144.9352643
2781,DROPOUT,DROPOUT,1694034161.3093934,1694034161.6715145,1694034163.0418909
3214,GRADUATE,GRADUATE,1694034169.70564,1694034170.3138936,1694034171.5120633
2791,GRADUATE,GRADUATE,1694034184.5064893,1694034197.1330168,1694034198.6155462
988,GRADUATE,DROPOUT,1694034224.3452542,1694034224.7734754,1694034230.6641345
3920,DROPOUT,DROPOUT,1694034254.1435726,1694034254.9312763,1694034256.4718528
2883,GRADUATE,GRADUATE,1694034275.1868083,1694034275.9737794,1694034277.423452
1576,GRADUATE,DROPOUT,1694034292.9763935,1694034293.757515,1694034304.98409
2537,GRADUATE,GRADUATE,1694034314.146893,1694034315.735358,1694034318.6227996
648,GRADUATE,GRADUATE,1694034333.955225,1694034334.3678656,1694034335.465655
3575,GRADUATE,GRADUATE,1694034349.5669358,1694034350.3842468,1694034398.7448735
2,YES,Chat  GPT, Mildjourney, etc. 
3,12
know,NEUTRAL
fai_3,NEUTRAL
com_2,AGREE
com_3,AGREE
com_5,AGREE
com_1,AGREE
fai_5,NEUTRAL
rel_5,AGREE
fai_2,NEUTRAL
rel_2,NEUTRAL
rel_1,NEUTRAL
fai_1,NEUTRAL
fai_4,STRONGLY DISAGREE
