Prolific ID,5ec3121e44969016a6c2ed3c
3053,GRADUATE,GRADUATE,1694034092.2264311,1694034093.0072625,1694034118.0831556
3214,GRADUATE,GRADUATE,1694034147.3114612,1694034148.4924514,1694034149.9759898
648,GRADUATE,GRADUATE,1694034178.5706046,1694034179.2398844,1694034180.805877
2883,DROPOUT,GRADUATE,1694034200.8308785,1694034201.6034563,1694034206.5497227
131,GRADUATE,GRADUATE,1694034230.4499717,1694034231.2678926,1694034232.6572213
266,GRADUATE,GRADUATE,1694034255.1838043,1694034255.7270536,1694034257.2402825
2791,GRADUATE,GRADUATE,1694034276.2629015,1694034276.8185165,1694034277.9998605
2537,GRADUATE,GRADUATE,1694034293.0812624,1694034293.671392,1694034294.9239905
1576,GRADUATE,DROPOUT,1694034315.6504748,1694034316.8356066,1694034339.1248095
3232,GRADUATE,GRADUATE,1694034369.3033426,1694034369.8929884,1694034371.0822227
3920,GRADUATE,GRADUATE,1694034387.9764721,1694034388.8332915,1694034418.394004
2781,DROPOUT,DROPOUT,1694034438.6744165,1694034439.3261137,1694034440.692017
3575,GRADUATE,GRADUATE,1694034455.274921,1694034456.0560923,1694034466.2474992
4096,GRADUATE,GRADUATE,1694034481.4944925,1694034482.307442,1694034483.9843013
988,DROPOUT,DROPOUT,1694034501.6828482,1694034502.0962436,1694034503.273324
2,YES,I've used chatgpt and I'm a software engineer
3,12
know,NEUTRAL
fai_5,AGREE
com_5,NEUTRAL
fai_3,AGREE
rel_2,NEUTRAL
fai_4,DISAGREE
com_1,AGREE
com_2,NEUTRAL
rel_5,NEUTRAL
fai_2,NEUTRAL
fai_1,NEUTRAL
com_3,DISAGREE
rel_1,DISAGREE
