Prolific ID,613a9a5a92a1c84fc4e3fd07
2791,GRADUATE,GRADUATE,1694034467.849208,1694034470.5093489,1694034476.3130906
3232,DROPOUT,DROPOUT,1694034506.0948641,1694034507.0916698,1694034510.7454126
3053,DROPOUT,DROPOUT,1694034530.7001777,1694034531.5927515,1694034534.237967
2537,GRADUATE,GRADUATE,1694034556.7480216,1694034558.2688246,1694034560.1711373
2537,GRADUATE,GRADUATE,1694034556.7480216,1694034558.2688246,1694034560.4170914
648,GRADUATE,GRADUATE,1694034584.8995826,1694034586.7695928,1694034588.59851
3214,GRADUATE,GRADUATE,1694034604.9410884,1694034606.1696727,1694034607.823392
3575,GRADUATE,GRADUATE,1694034620.2611794,1694034621.1026683,1694034623.829609
1576,DROPOUT,DROPOUT,1694034642.1772013,1694034643.050011,1694034644.9677663
266,GRADUATE,GRADUATE,1694034655.1590297,1694034655.7538693,1694034657.0996678
988,GRADUATE,GRADUATE,1694034669.0131512,1694034669.7407162,1694034671.1373637
131,GRADUATE,GRADUATE,1694034681.168874,1694034681.8856637,1694034683.6855307
4096,DROPOUT,DROPOUT,1694034690.0392106,1694034690.9108808,1694034692.2212498
2883,DROPOUT,DROPOUT,1694034694.0555243,1694034694.6448414,1694034696.2677736
3920,GRADUATE,GRADUATE,1694034705.2851748,1694034705.9838223,1694034707.4435248
2,YES,through work, chat gpt
3,9
know,STRONGLY AGREE
fai_4,NEUTRAL
fai_2,NEUTRAL
rel_1,NEUTRAL
fai_1,STRONGLY DISAGREE
fai_5,DISAGREE
fai_3,NEUTRAL
rel_2,NEUTRAL
rel_5,NEUTRAL
com_1,NEUTRAL
com_5,NEUTRAL
com_2,NEUTRAL
com_3,NEUTRAL
