Prolific ID,5efd288f7b26b816aa9b3ab2
3214,GRADUATE,GRADUATE,1694034225.4603584,1694034227.897225,1694034234.1086726
2883,DROPOUT,DROPOUT,1694034257.233245,1694034258.1037867,1694034260.734849
3053,GRADUATE,GRADUATE,1694034274.9599617,1694034275.8992124,1694034277.5921912
648,GRADUATE,GRADUATE,1694034286.8838482,1694034287.9168303,1694034300.4987495
3575,GRADUATE,GRADUATE,1694034324.956853,1694034326.6082773,1694034337.275236
4096,DROPOUT,DROPOUT,1694034361.700818,1694034362.733968,1694034364.659292
3232,DROPOUT,DROPOUT,1694034376.3423827,1694034377.725533,1694034380.8911417
2791,GRADUATE,GRADUATE,1694034392.0136786,1694034394.4648871,1694034396.7621405
988,DROPOUT,DROPOUT,1694034425.4316714,1694034426.3981853,1694034428.5286105
3920,DROPOUT,DROPOUT,1694034440.8869388,1694034443.7079034,1694034446.6589766
131,DROPOUT,DROPOUT,1694034458.226154,1694034459.2294624,1694034461.1250873
1576,DROPOUT,DROPOUT,1694034479.4124053,1694034480.2337074,1694034481.8571386
2537,GRADUATE,GRADUATE,1694034493.209382,1694034494.6480057,1694034496.7813938
266,GRADUATE,GRADUATE,1694034505.4089527,1694034506.374297,1694034507.9662504
2781,DROPOUT,DROPOUT,1694034519.2322636,1694034520.4408927,1694034522.7016127
2,NO,
3,12
know,NEUTRAL
com_2,DISAGREE
fai_3,DISAGREE
com_3,DISAGREE
fai_2,STRONGLY DISAGREE
com_5,AGREE
fai_5,NEUTRAL
rel_5,DISAGREE
rel_1,AGREE
fai_1,NEUTRAL
rel_2,NEUTRAL
fai_4,DISAGREE
com_1,DISAGREE
