Prolific ID,60d4f7372e49dabf95b402c9
4096,GRADUATE,GRADUATE,1693945123.8270144,1693945126.2106223,1693945131.712403
648,DROPOUT,DROPOUT,1693945173.5252829,1693945174.3919694,1693945175.9110978
3214,GRADUATE,GRADUATE,1693945202.9486184,1693945203.5142581,1693945205.1175923
266,GRADUATE,GRADUATE,1693945235.4575934,1693945236.2359025,1693945237.4915419
2781,GRADUATE,GRADUATE,1693945288.7935634,1693945289.4578176,1693945290.5225234
2883,DROPOUT,GRADUATE,1693945325.9681108,1693945326.5332932,1693945335.6434443
3053,GRADUATE,GRADUATE,1693945370.8748188,1693945371.5141976,1693945373.3484771
1576,GRADUATE,GRADUATE,1693945383.8574126,1693945384.7147892,1693945386.3311238
3232,DROPOUT,DROPOUT,1693945404.5415509,1693945405.1546955,1693945406.3636358
2791,GRADUATE,GRADUATE,1693945421.0848997,1693945421.6483953,1693945422.674395
131,GRADUATE,GRADUATE,1693945436.3323617,1693945437.5705144,1693945438.6780787
3920,DROPOUT,DROPOUT,1693945458.719804,1693945459.2661288,1693945460.1593957
3575,GRADUATE,GRADUATE,1693945465.753415,1693945466.4253373,1693945477.1575024
2537,GRADUATE,GRADUATE,1693945500.5651865,1693945501.216196,1693945502.3191698
988,GRADUATE,GRADUATE,1693945511.9259865,1693945512.7855735,1693945513.5359433
2,YES,I have used chat GPT
3,10
know,STRONGLY AGREE
fai_5,AGREE
fai_3,STRONGLY DISAGREE
fai_2,STRONGLY DISAGREE
com_5,AGREE
fai_1,NEUTRAL
com_3,STRONGLY DISAGREE
rel_5,AGREE
com_1,AGREE
rel_1,STRONGLY DISAGREE
fai_4,STRONGLY DISAGREE
rel_2,NEUTRAL
com_2,DISAGREE
