Prolific ID,60ef2e52a188d9859f92bb58
2537,GRADUATE,GRADUATE,1694060034.256022,1694060036.3874347,1694060040.7007132
3053,GRADUATE,GRADUATE,1694060088.794768,1694060089.9236798,1694060092.169795
3214,GRADUATE,GRADUATE,1694060127.0516746,1694060127.9808724,1694060130.4448855
648,GRADUATE,GRADUATE,1694060145.1655116,1694060146.1431777,1694060148.1049204
131,DROPOUT,GRADUATE,1694060204.4121304,1694060205.4379914,1694060227.191948
266,GRADUATE,GRADUATE,1694060240.4515815,1694060241.0232286,1694060242.563141
988,GRADUATE,GRADUATE,1694060352.9888952,1694060354.2444928,1694060356.74216
4096,GRADUATE,GRADUATE,1694060363.0886676,1694060363.7198179,1694060366.1918902
3920,DROPOUT,DROPOUT,1694060371.4547455,1694060372.499171,1694060374.3603966
2791,GRADUATE,GRADUATE,1694060586.3846385,1694060587.53877,1694060589.747305
1576,GRADUATE,GRADUATE,1694060599.6046288,1694060600.1379678,1694060631.0911078
3575,GRADUATE,GRADUATE,1694060641.6976504,1694060642.2616336,1694060649.5591183
3232,DROPOUT,GRADUATE,1694060674.798757,1694060676.9108074,1694060679.606044
2883,GRADUATE,GRADUATE,1694060704.6800365,1694060705.6350455,1694060707.4766576
2781,DROPOUT,DROPOUT,1694060744.900259,1694060745.9003315,1694060747.8163528
2,YES,I have mostly come in contact with AI through content creation platforms and educational platforms such as chat gpt
3,3
know,AGREE
rel_2,NEUTRAL
fai_1,DISAGREE
com_5,AGREE
com_3,NEUTRAL
rel_5,AGREE
fai_3,DISAGREE
fai_4,DISAGREE
com_2,NEUTRAL
fai_5,STRONGLY DISAGREE
rel_1,DISAGREE
fai_2,AGREE
com_1,NEUTRAL
