Prolific ID,603ea08e7dc2aaf9eb6d9225
2537,GRADUATE,1693945013.425642,1693945015.8737185
2883,GRADUATE,1693945045.7363925,1693945048.0046117
3214,GRADUATE,1693945076.6828504,1693945077.6583664
266,GRADUATE,1693945107.1755989,1693945108.32396
988,DROPOUT,1693945132.5053802,1693945133.7021067
3575,GRADUATE,1693945156.2850153,1693945157.5147922
3920,DROPOUT,1693945173.6301653,1693945174.8365045
3232,GRADUATE,1693945206.391432,1693945208.1124394
648,GRADUATE,1693945235.1870818,1693945236.5802665
3053,GRADUATE,1693945253.3008645,1693945254.4350622
1576,GRADUATE,1693945282.668804,1693945284.3543947
2781,DROPOUT,1693945308.0224307,1693945309.8427598
4096,GRADUATE,1693945325.039776,1693945326.2010221
2791,GRADUATE,1693945341.552084,1693945343.4798796
131,GRADUATE,1693945353.6527689,1693945354.7881985
2,YES,through exploration and school
3,12
know,STRONGLY AGREE
rel_2,AGREE
rel_5,AGREE
com_1,AGREE
com_5,AGREE
fai_1,AGREE
fai_5,AGREE
fai_2,STRONGLY DISAGREE
fai_4,DISAGREE
com_3,AGREE
rel_1,DISAGREE
fai_3,DISAGREE
com_2,AGREE
