Prolific ID,5e2ed530b023d54a78782c6c
3053,GRADUATE,1693945778.624435,1693945804.731864
1576,DROPOUT,1693945851.6002343,1693945853.1887162
988,GRADUATE,1693945898.1156375,1693945899.2135403
2537,GRADUATE,1693945957.9487345,1693945959.6153507
2791,GRADUATE,1693945995.560547,1693945996.7272618
648,DROPOUT,1693946017.3940177,1693946018.228608
266,GRADUATE,1693946065.3156714,1693946066.8650079
3214,GRADUATE,1693946106.2982101,1693946107.5250864
2781,DROPOUT,1693946185.524662,1693946187.2948174
3232,GRADUATE,1693946216.3127286,1693946217.3178055
2883,DROPOUT,1693946261.939204,1693946262.9680898
3575,GRADUATE,1693946425.1327157,1693946427.9171317
3920,DROPOUT,1693946468.535844,1693946469.4517732
131,GRADUATE,1693946516.094085,1693946518.0952168
4096,DROPOUT,1693946562.066315,1693946563.045239
2,YES,I used chatGPT
3,10
know,AGREE
com_2,NEUTRAL
com_1,AGREE
com_5,DISAGREE
fai_3,NEUTRAL
com_3,AGREE
fai_5,DISAGREE
fai_2,AGREE
fai_4,DISAGREE
fai_1,NEUTRAL
rel_5,AGREE
rel_1,NEUTRAL
rel_2,STRONGLY AGREE
