Prolific ID,6070c2f8aa9a08d466b86d5c
131,GRADUATE,1693985854.6653585,1693985855.1679714
648,GRADUATE,1693985876.28439,1693985876.6989882
3214,DROPOUT,1693985882.8361804,1693985883.1894622
2781,DROPOUT,1693985885.0383463,1693985886.2521532
3920,GRADUATE,1693985887.0437016,1693985887.573334
3575,GRADUATE,1693985888.0337834,1693985888.3650978
2537,DROPOUT,1693985888.7962115,1693985889.0802658
1576,GRADUATE,1693985889.98731,1693985890.7620962
3232,DROPOUT,1693985891.4759123,1693985892.1664665
988,DROPOUT,1693985892.85376,1693985893.5622964
2791,GRADUATE,1693985894.5320175,1693985899.242276
2883,DROPOUT,1693985900.1763844,1693985904.361001
3053,GRADUATE,1693985908.6998572,1693985909.3785684
266,GRADUATE,1693985910.059024,1693985910.9078572
4096,DROPOUT,1693985911.6726685,1693985912.1779156
2,NO,
3,11
know,AGREE
fai_1,NEUTRAL
fai_4,DISAGREE
fai_2,AGREE
rel_1,DISAGREE
rel_5,NEUTRAL
com_5,AGREE
fai_3,AGREE
rel_2,NEUTRAL
fai_5,DISAGREE
com_1,NEUTRAL
com_2,AGREE
com_3,DISAGREE
