Prolific ID,6159f4cfb6b9db3c322e8b66
1576,GRADUATE,1693985922.5560732,1693985929.555674
266,GRADUATE,1693985949.3877342,1693985955.6273804
3214,GRADUATE,1693985961.633455,1693985962.6358654
3053,GRADUATE,1693985969.0245876,1693985970.0994093
2781,DROPOUT,1693985994.4976668,1693985995.8359263
648,GRADUATE,1693986001.4993067,1693986004.121164
3232,GRADUATE,1693986014.9456658,1693986016.0208135
2537,GRADUATE,1693986022.8410742,1693986024.5647388
2883,GRADUATE,1693986030.2247431,1693986031.0661378
3575,GRADUATE,1693986053.6408117,1693986054.3170786
988,GRADUATE,1693986067.2330277,1693986068.0748618
2791,GRADUATE,1693986080.0420065,1693986081.3224678
4096,GRADUATE,1693986085.0262127,1693986086.0051522
3920,GRADUATE,1693986101.1435497,1693986101.6816173
131,GRADUATE,1693986119.335416,1693986120.209231
2,YES,ChatGPT
3,5
know,AGREE
fai_3,NEUTRAL
fai_4,DISAGREE
com_5,AGREE
com_1,NEUTRAL
com_3,NEUTRAL
fai_2,DISAGREE
rel_1,AGREE
com_2,AGREE
rel_2,NEUTRAL
rel_5,NEUTRAL
fai_5,DISAGREE
fai_1,DISAGREE
