Prolific ID,60ee913de67c56daf5e842a9
1576,GRADUATE,1693985943.9367104,1693985945.3488052
3232,DROPOUT,1693985983.1901991,1693985986.3648727
3920,GRADUATE,1693986001.4009829,1693986005.046473
4096,GRADUATE,1693986035.9616954,1693986038.434795
988,DROPOUT,1693986056.6973279,1693986058.1542017
131,GRADUATE,1693986081.0901768,1693986083.0886045
3214,GRADUATE,1693986110.208781,1693986111.841977
2791,GRADUATE,1693986124.0045629,1693986126.2496243
2537,GRADUATE,1693986136.9817197,1693986139.0048895
3575,GRADUATE,1693986155.3347957,1693986156.6854143
266,GRADUATE,1693986180.541373,1693986181.544266
3053,DROPOUT,1693986205.2920961,1693986207.1400452
2781,GRADUATE,1693986224.5419593,1693986226.4095252
2883,DROPOUT,1693986243.6263065,1693986246.8594818
648,GRADUATE,1693986265.6306653,1693986270.2043972
2,NO,
3,10
know,AGREE
rel_2,NEUTRAL
com_5,STRONGLY AGREE
rel_1,AGREE
fai_2,STRONGLY AGREE
fai_3,AGREE
fai_5,AGREE
fai_4,AGREE
com_2,STRONGLY AGREE
fai_1,AGREE
rel_5,AGREE
com_1,AGREE
com_3,NEUTRAL
