Prolific ID,60d096244aeaf354bdff6c0f
3920,GRADUATE,1693986084.6857133,1693986086.6780534
2781,DROPOUT,1693986129.83716,1693986132.1570954
3232,GRADUATE,1693986218.2572403,1693986219.7176661
1576,GRADUATE,1693986289.1849363,1693986290.7772472
3214,GRADUATE,1693986336.836687,1693986339.9053445
2537,GRADUATE,1693986394.1374874,1693986395.7572608
648,GRADUATE,1693986446.924866,1693986448.3770952
2883,GRADUATE,1693986487.2975187,1693986489.4776776
4096,GRADUATE,1693986542.917095,1693986545.0450184
3575,GRADUATE,1693986617.4585147,1693986619.010366
988,DROPOUT,1693986669.67728,1693986678.2224598
131,GRADUATE,1693986723.1053836,1693986724.4853916
3053,GRADUATE,1693986760.3772256,1693986764.365506
266,GRADUATE,1693986814.9371367,1693986817.1451302
2791,GRADUATE,1693986853.897865,1693986855.9169204
2,YES,on the internet using Chat GPT and Leonardo AI
3,9
know,AGREE
fai_3,NEUTRAL
com_5,DISAGREE
com_1,DISAGREE
fai_2,DISAGREE
fai_1,DISAGREE
rel_1,DISAGREE
rel_5,NEUTRAL
com_3,DISAGREE
fai_4,DISAGREE
fai_5,AGREE
com_2,NEUTRAL
rel_2,AGREE
