Prolific ID,612fc461a76c1f0212fb3ac2
4096,GRADUATE,1693986063.446209,1693986065.9464905
2883,GRADUATE,1693986106.4134686,1693986107.8852117
2537,GRADUATE,1693986165.3245478,1693986166.6875477
988,GRADUATE,1693986179.6560392,1693986180.7656803
3575,GRADUATE,1693986189.8451583,1693986191.8360868
648,DROPOUT,1693986206.6857479,1693986210.0652769
266,GRADUATE,1693986224.6450033,1693986226.585094
1576,DROPOUT,1693986232.006388,1693986233.4051182
3214,GRADUATE,1693986242.9653606,1693986244.4661598
3053,GRADUATE,1693986252.8452768,1693986254.428363
3920,GRADUATE,1693986275.724947,1693986277.5053322
2791,GRADUATE,1693986281.5652335,1693986283.4459927
3232,GRADUATE,1693986287.5895276,1693986289.0059576
2781,GRADUATE,1693986292.1214767,1693986293.6251884
131,GRADUATE,1693986299.8236585,1693986301.6651425
2,YES,through chatgpt
3,8
know,AGREE
fai_2,AGREE
fai_3,DISAGREE
com_1,DISAGREE
com_3,DISAGREE
com_5,AGREE
rel_1,DISAGREE
fai_5,DISAGREE
fai_1,DISAGREE
com_2,AGREE
rel_5,AGREE
fai_4,DISAGREE
rel_2,DISAGREE
