Prolific ID,5e8f32cb79a8e80727d489a3
2791,GRADUATE,1693945033.3441691,1693945034.0703514
3575,GRADUATE,1693945079.0224013,1693945079.8651536
1576,DROPOUT,1693945121.1014364,1693945121.5019228
