Prolific ID,5ede13094e77400127b0d8ac
1576,GRADUATE,1693986013.4930823,1693986014.4368205
648,GRADUATE,1693986024.1050222,1693986026.1464157
3920,GRADUATE,1693986053.0275493,1693986054.039813
266,GRADUATE,1693986062.1230686,1693986063.1806448
131,GRADUATE,1693986070.098092,1693986070.7062175
4096,DROPOUT,1693986078.164566,1693986078.5560417
2791,GRADUATE,1693986092.6804614,1693986093.9087615
3053,,1693986093.9090855,1693986094.0278168
3575,GRADUATE,1693986116.820003,1693986118.1088266
2781,DROPOUT,1693986126.126588,1693986126.6779764
2883,DROPOUT,1693986136.0070949,1693986136.7814589
3214,GRADUATE,1693986143.9560282,1693986145.0232155
2537,GRADUATE,1693986151.5686357,1693986152.3068187
3232,GRADUATE,1693986163.8724806,1693986164.5299609
988,DROPOUT,1693986181.087464,1693986181.605653
2,YES,Chatgpt and Midjourney mainly
3,10
know,STRONGLY DISAGREE
fai_3,AGREE
fai_4,DISAGREE
com_5,AGREE
rel_2,NEUTRAL
fai_1,NEUTRAL
rel_5,AGREE
com_1,NEUTRAL
com_2,AGREE
com_3,DISAGREE
rel_1,NEUTRAL
fai_2,AGREE
fai_5,AGREE
