Prolific ID,61099ac709f3fab19ae2691c
266,GRADUATE,1693986065.3184006,1693986067.3334951
3232,GRADUATE,1693986129.6909857,1693986130.9426603
3920,GRADUATE,1693986189.6184216,1693986192.3785496
2791,GRADUATE,1693986228.445721,1693986231.3280225
3053,GRADUATE,1693986433.0980227,1693986434.358424
4096,GRADUATE,1693986479.8978114,1693986483.6434388
3214,GRADUATE,1693986522.013717,1693986523.6190042
3575,GRADUATE,1693986559.4980505,1693986561.03847
2781,DROPOUT,1693986620.1260169,1693986622.058546
988,DROPOUT,1693986664.7132652,1693986666.038032
648,GRADUATE,1693986703.072845,1693986704.8582242
2537,GRADUATE,1693986735.1433156,1693986736.9989088
131,GRADUATE,1693986770.2332976,1693986771.5708442
1576,GRADUATE,1693986817.6533277,1693986819.3183722
2883,GRADUATE,1693986863.3586924,1693986866.0387483
2,YES,I use ChatGpt and Google Gard AI in a regular basis
3,11
know,AGREE
com_3,AGREE
fai_3,NEUTRAL
fai_4,DISAGREE
com_2,AGREE
rel_5,AGREE
fai_2,DISAGREE
fai_1,DISAGREE
fai_5,AGREE
com_1,AGREE
com_5,STRONGLY AGREE
rel_2,AGREE
rel_1,AGREE
