Prolific ID,59e5a69916ecc200016fefdb
3575,GRADUATE,1693986493.96116,1693986504.996773
648,DROPOUT,1693986517.9696798,1693986518.472805
4096,DROPOUT,1693986522.5113847,1693986525.8083894
3053,GRADUATE,1693986536.9338171,1693986538.144445
2883,DROPOUT,1693986552.3264978,1693986553.569806
266,GRADUATE,1693986573.9672387,1693986575.202408
3232,GRADUATE,1693986582.0094407,1693986583.0432336
3214,GRADUATE,1693986590.2176907,1693986591.1871772
131,GRADUATE,1693986628.3303812,1693986629.2215364
3920,GRADUATE,1693986639.9633076,1693986640.806404
2537,GRADUATE,1693986648.6476386,1693986649.4381716
988,GRADUATE,1693986659.2272503,1693986660.086587
2781,GRADUATE,1693986669.2288072,1693986670.4243257
2791,GRADUATE,1693986675.0051389,1693986676.5685797
1576,DROPOUT,1693986684.9494593,1693986685.8407257
2,YES,I often use ChatGPT to know more about history and technology
3,12
know,STRONGLY AGREE
fai_1,AGREE
fai_5,STRONGLY AGREE
com_2,AGREE
rel_2,STRONGLY AGREE
com_3,STRONGLY AGREE
fai_4,AGREE
fai_3,STRONGLY AGREE
fai_2,NEUTRAL
com_5,AGREE
com_1,STRONGLY AGREE
rel_1,AGREE
rel_5,STRONGLY AGREE
