Prolific ID,63ef938aea545fb9bd19a591
266,GRADUATE,1693991052.2335923,1693991056.576502
3053,GRADUATE,1693991098.1524923,1693991103.9698448
2537,DROPOUT,1693991134.7626798,1693991139.4659557
2781,DROPOUT,1693991167.3423998,1693991169.408186
131,DROPOUT,1693991196.8924649,1693991197.8684773
2791,GRADUATE,1693991218.293866,1693991220.2513008
3232,DROPOUT,1693991245.8524156,1693991246.873578
4096,GRADUATE,1693991278.31129,1693991279.3109443
3920,DROPOUT,1693991289.1482284,1693991291.1919599
648,GRADUATE,1693991319.6970963,1693991321.9914172
3575,DROPOUT,1693991355.4207785,1693991356.9542482
3214,GRADUATE,1693991382.8493505,1693991385.3782554
1576,DROPOUT,1693991421.0227652,1693991458.172068
988,DROPOUT,1693991483.5013628,1693991485.061716
2883,DROPOUT,1693991504.437936,1693991505.760218
2,YES,Just with what i have used and looked at online
3,10
know,NEUTRAL
rel_1,AGREE
fai_5,NEUTRAL
com_5,AGREE
com_2,AGREE
rel_2,NEUTRAL
com_1,NEUTRAL
rel_5,AGREE
fai_2,DISAGREE
fai_4,NEUTRAL
fai_1,DISAGREE
fai_3,NEUTRAL
com_3,DISAGREE
