Prolific ID,60fd2e310eaf2c2293b80d02
1576,GRADUATE,1694005774.0291846,1694005793.0784078
3920,DROPOUT,1694005804.656657,1694005815.881069
2883,GRADUATE,1694005827.352739,1694005833.6777616
988,GRADUATE,1694005842.1938822,1694005844.2262137
4096,GRADUATE,1694005861.4090762,1694005862.4301338
3053,GRADUATE,1694005882.9128432,1694005883.8638916
131,GRADUATE,1694005898.5303862,1694005899.6660943
3575,GRADUATE,1694005903.908566,1694005911.509825
2781,DROPOUT,1694005921.1675062,1694005921.8033903
3232,GRADUATE,1694005926.7092054,1694005931.8363523
3214,DROPOUT,1694005936.6125233,1694005943.1902766
648,DROPOUT,1694005952.6149771,1694005958.4335427
266,GRADUATE,1694005962.6215575,1694005972.0613527
2537,GRADUATE,1694005976.1098716,1694005988.0143356
2791,GRADUATE,1694005989.948919,1694006000.6722503
2,YES,ChatGPT
3,8
know,STRONGLY AGREE
com_1,DISAGREE
rel_1,DISAGREE
rel_2,NEUTRAL
com_5,AGREE
rel_5,DISAGREE
fai_3,DISAGREE
com_2,NEUTRAL
fai_2,STRONGLY DISAGREE
fai_4,STRONGLY DISAGREE
com_3,STRONGLY DISAGREE
fai_1,STRONGLY DISAGREE
fai_5,STRONGLY DISAGREE
