Prolific ID,5e8dddaf3d1b57068b77b2f2
2537,GRADUATE,1694005852.1165247,1694005854.4088714
3575,GRADUATE,1694005905.16896,1694005908.9245539
1576,DROPOUT,1694006063.7318215,1694006064.8725824
4096,GRADUATE,1694006109.9728076,1694006110.9320128
3053,DROPOUT,1694006176.1500351,1694006177.0686083
988,GRADUATE,1694006214.8169606,1694006228.078572
2791,GRADUATE,1694006278.8643594,1694006281.3899932
131,GRADUATE,1694006399.097885,1694006400.1128554
2883,GRADUATE,1694006458.9146702,1694006460.0249689
3214,GRADUATE,1694006500.3727515,1694006501.5007775
3232,GRADUATE,1694006530.5996697,1694006531.6465852
648,GRADUATE,1694006567.9467635,1694006569.1105604
3920,DROPOUT,1694006652.6847188,1694006653.6527886
266,GRADUATE,1694006688.4093015,1694006693.3488262
2781,DROPOUT,1694006745.6484897,1694006746.6434586
2,YES,ChatGPT
3,10
know,AGREE
fai_4,DISAGREE
fai_3,NEUTRAL
rel_1,NEUTRAL
com_3,AGREE
com_5,AGREE
rel_2,DISAGREE
com_1,AGREE
fai_2,DISAGREE
fai_5,NEUTRAL
com_2,STRONGLY AGREE
fai_1,NEUTRAL
rel_5,STRONGLY AGREE
