Prolific ID,64a98b13ace114b7fea31fe0
3214,GRADUATE,1694005820.1292927,1694005821.659112
2791,GRADUATE,1694005873.6159885,1694005881.9724154
131,GRADUATE,1694005930.3422756,1694005931.683037
648,DROPOUT,1694005974.82018,1694005975.6212444
3575,GRADUATE,1694006013.2485275,1694006015.2863948
1576,GRADUATE,1694006059.502815,1694006061.240695
2781,DROPOUT,1694006103.935935,1694006105.6175935
2883,GRADUATE,1694006139.000837,1694006140.6122577
2537,GRADUATE,1694006170.6272528,1694006171.8899798
3053,GRADUATE,1694006223.7481048,1694006224.9115956
3920,DROPOUT,1694006273.3719795,1694006275.2164562
988,DROPOUT,1694006315.6942656,1694006318.3745544
4096,GRADUATE,1694006341.7085376,1694006343.115849
266,GRADUATE,1694006396.0928857,1694006398.8445418
3232,GRADUATE,1694006430.6287782,1694006433.1020856
2,YES,I have used different apps that include AI, like picture generator based on text and ChatGPT.
3,12
know,AGREE
rel_2,NEUTRAL
fai_1,NEUTRAL
com_2,NEUTRAL
com_5,AGREE
rel_5,NEUTRAL
com_3,DISAGREE
fai_3,NEUTRAL
rel_1,NEUTRAL
fai_5,NEUTRAL
fai_4,DISAGREE
com_1,NEUTRAL
fai_2,DISAGREE
