Prolific ID,5d1f5c20aaa27b001954de31
1576,DROPOUT,1694005857.2341514,1694005858.0810916
266,GRADUATE,1694005910.2035832,1694005910.590188
2883,GRADUATE,1694005914.115556,1694005914.9485066
2791,GRADUATE,1694005916.1382005,1694005917.7302349
988,DROPOUT,1694005930.2563908,1694005932.7319856
2537,GRADUATE,1694005935.0337083,1694005935.4972486
648,DROPOUT,1694005938.0227687,1694005938.4234345
3053,GRADUATE,1694005947.9584606,1694005949.168092
2781,DROPOUT,1694005951.0897624,1694005951.8758185
3920,DROPOUT,1694005954.7728732,1694005955.1188235
4096,GRADUATE,1694005958.128088,1694005964.577453
131,DROPOUT,1694005966.6196122,1694005967.5828736
3214,GRADUATE,1694005969.2770743,1694005970.516931
3232,DROPOUT,1694005972.5907552,1694005972.8773193
3575,GRADUATE,1694005973.9876854,1694005975.3076184
2,YES,chatgpt 
3,10
know,AGREE
com_2,DISAGREE
fai_5,AGREE
fai_4,NEUTRAL
rel_5,AGREE
com_5,AGREE
fai_2,AGREE
rel_1,AGREE
fai_1,AGREE
fai_3,AGREE
rel_2,AGREE
com_3,AGREE
com_1,AGREE
