Prolific ID,60b694464e1bf8a267eb3ac9
2537,GRADUATE,1694005892.1319764,1694005898.5943468
2791,GRADUATE,1694005923.3492677,1694005924.5991201
3575,GRADUATE,1694005936.6808593,1694005937.8908803
3053,GRADUATE,1694005983.2475379,1694005984.656457
4096,DROPOUT,1694005994.4820917,1694006003.6827664
648,GRADUATE,1694006356.5203328,1694006358.42369
3232,DROPOUT,1694006372.7550316,1694006374.805772
3214,GRADUATE,1694006581.6613803,1694006611.6679792
2883,GRADUATE,1694006627.6250696,1694006628.973785
131,GRADUATE,1694006689.8121104,1694006690.9375165
266,GRADUATE,1694006704.5412955,1694006706.2838519
2781,DROPOUT,1694006745.2131715,1694006746.2877736
3920,GRADUATE,1694006752.8776267,1694006754.748818
1576,GRADUATE,1694006764.5042012,1694006776.2680223
988,DROPOUT,1694006790.4398208,1694006792.2305753
2,NO,
3,10
know,NEUTRAL
rel_1,AGREE
rel_5,AGREE
com_5,NEUTRAL
fai_1,NEUTRAL
rel_2,NEUTRAL
fai_5,AGREE
com_1,AGREE
com_2,AGREE
fai_4,NEUTRAL
fai_2,AGREE
com_3,AGREE
fai_3,STRONGLY AGREE
