Prolific ID,5f3e95436fa4350dadcfbfeb
648,DROPOUT,1694005866.0218024,1694005887.545009
3232,GRADUATE,1694005899.158076,1694005904.273382
131,GRADUATE,1694005912.1314557,1694005913.0247812
3053,GRADUATE,1694005928.3292832,1694005929.0727353
2883,GRADUATE,1694005944.6491075,1694005945.973952
266,GRADUATE,1694005953.7337668,1694005954.3560185
2537,GRADUATE,1694005958.0677593,1694005958.6468556
1576,GRADUATE,1694005972.7205954,1694005974.8991323
988,DROPOUT,1694005986.5629623,1694005987.8114555
4096,GRADUATE,1694005992.4370556,1694005993.0205517
3214,GRADUATE,1694005995.9611742,1694005996.6478672
3575,GRADUATE,1694005999.4365907,1694006000.0548968
2791,GRADUATE,1694006002.83108,1694006003.2846751
3920,DROPOUT,1694006007.5593061,1694006007.9867666
2781,DROPOUT,1694006014.840959,1694006017.3607686
2,YES,chatgpt
3,10
know,DISAGREE
rel_2,DISAGREE
com_2,AGREE
fai_2,AGREE
fai_3,AGREE
fai_5,DISAGREE
com_5,AGREE
com_1,DISAGREE
com_3,AGREE
fai_4,DISAGREE
rel_5,DISAGREE
rel_1,DISAGREE
fai_1,DISAGREE
