Prolific ID,61036102a3f05e2ef6e4e3c6
2781,DROPOUT,1694005862.0171924,1694005862.7486062
131,DROPOUT,1694005921.7363615,1694005923.1841984
988,DROPOUT,1694005946.0881739,1694005947.4448407
4096,GRADUATE,1694005958.9647298,1694005966.140581
3214,GRADUATE,1694005983.0801883,1694005983.7322888
3053,GRADUATE,1694006002.2284038,1694006003.8133245
266,GRADUATE,1694006018.496809,1694006019.9524198
3920,GRADUATE,1694006042.532067,1694006043.1881588
3232,GRADUATE,1694006050.584581,1694006051.232894
3575,GRADUATE,1694006076.808807,1694006090.525219
1576,GRADUATE,1694006103.464945,1694006103.9428272
2791,GRADUATE,1694006112.0566225,1694006113.2007883
2883,DROPOUT,1694006125.0980842,1694006125.6283288
2537,GRADUATE,1694006136.184868,1694006137.4083705
648,GRADUATE,1694006155.6887581,1694006156.5930452
2,YES,ChatGPT
3,3
know,AGREE
fai_3,NEUTRAL
com_2,DISAGREE
fai_4,STRONGLY DISAGREE
com_1,AGREE
rel_1,DISAGREE
fai_5,DISAGREE
fai_1,STRONGLY DISAGREE
com_5,AGREE
fai_2,DISAGREE
com_3,NEUTRAL
rel_2,AGREE
rel_5,AGREE
