Prolific ID,5f7d15adb786431de4b8c433
3575,DROPOUT,1694005907.8309715,1694005909.3193593
2781,DROPOUT,1694005948.1974113,1694005950.3787563
648,GRADUATE,1694005978.7432158,1694005980.4034603
2883,GRADUATE,1694005994.4764621,1694005996.0943632
2791,GRADUATE,1694006015.699702,1694006018.5633488
2537,GRADUATE,1694006052.8910806,1694006055.264506
3053,GRADUATE,1694006075.5760417,1694006077.1351185
131,GRADUATE,1694006089.3102257,1694006091.5232632
3232,GRADUATE,1694006117.389088,1694006120.5372531
4096,GRADUATE,1694006134.7250903,1694006136.7782476
266,GRADUATE,1694006150.241521,1694006151.8352668
3920,DROPOUT,1694006183.8152785,1694006185.2778509
3214,GRADUATE,1694006204.1715856,1694006205.5450368
1576,GRADUATE,1694006260.2734506,1694006262.434492
988,DROPOUT,1694006283.712852,1694006285.2560885
2,YES,ChatGPT, and using it from curiosity to explore and ask questions 
3,20
know,STRONGLY AGREE
fai_2,AGREE
com_2,STRONGLY AGREE
rel_1,NEUTRAL
com_5,STRONGLY AGREE
fai_1,AGREE
rel_5,AGREE
com_3,STRONGLY AGREE
fai_4,AGREE
fai_5,AGREE
com_1,AGREE
rel_2,STRONGLY AGREE
fai_3,AGREE
