Prolific ID,60b8f65c08c495829d4eab84
1576,DROPOUT,1694005920.8236725,1694005922.0445483
3214,GRADUATE,1694005947.1514359,1694005948.076894
2781,GRADUATE,1694005959.355793,1694005960.1583133
3232,GRADUATE,1694005974.7602813,1694005975.8527908
2883,GRADUATE,1694005984.7473102,1694005985.6867452
131,GRADUATE,1694005995.727082,1694005996.4741516
3575,GRADUATE,1694006012.4386525,1694006013.6553915
266,GRADUATE,1694006021.8063362,1694006022.9564586
3920,DROPOUT,1694006028.8718312,1694006029.6532512
648,GRADUATE,1694006036.065314,1694006037.2111607
2537,GRADUATE,1694006043.4406826,1694006044.209565
2791,GRADUATE,1694006048.0528476,1694006048.8440542
4096,GRADUATE,1694006053.0834048,1694006054.5491197
3053,GRADUATE,1694006060.093631,1694006060.6688771
988,GRADUATE,1694006074.7715957,1694006076.956011
2,NO,
3,6
know,AGREE
fai_3,AGREE
com_3,NEUTRAL
rel_2,NEUTRAL
rel_1,AGREE
fai_1,AGREE
fai_5,NEUTRAL
rel_5,AGREE
com_5,AGREE
com_1,AGREE
com_2,AGREE
fai_2,DISAGREE
fai_4,NEUTRAL
