Prolific ID,60e86e7d9af2a95c482551c2
1576,GRADUATE,1694006026.3775136,1694006028.0420105
2781,GRADUATE,1694006057.1625936,1694006059.7520685
266,GRADUATE,1694006089.4016101,1694006091.8108442
2537,GRADUATE,1694006134.1091914,1694006135.8924491
2791,GRADUATE,1694006147.2940965,1694006151.3527362
3214,GRADUATE,1694006160.199386,1694006161.8319612
988,GRADUATE,1694006182.4088883,1694006187.0914938
131,DROPOUT,1694006209.2911274,1694006211.7123885
4096,GRADUATE,1694006224.6254938,1694006226.6285167
2883,GRADUATE,1694006249.3771482,1694006252.5109105
3575,GRADUATE,1694006291.0066617,1694006292.287754
3232,GRADUATE,1694006313.8494978,1694006315.0808709
3920,GRADUATE,1694006336.0566268,1694006337.1922698
648,DROPOUT,1694006348.5845022,1694006350.3659976
3053,GRADUATE,1694006389.6307948,1694006390.8487911
2,YES,I have an AI on my snapchat
3,5
know,NEUTRAL
fai_3,AGREE
fai_4,AGREE
rel_2,AGREE
fai_2,STRONGLY AGREE
rel_5,STRONGLY AGREE
fai_1,STRONGLY AGREE
com_5,AGREE
fai_5,AGREE
rel_1,STRONGLY AGREE
com_1,STRONGLY AGREE
com_3,STRONGLY AGREE
com_2,STRONGLY AGREE
