Prolific ID,5eb6a07c52ea805a805893c2
2781,DROPOUT,1694034028.9852755,1694034029.882757
266,GRADUATE,1694034052.1694627,1694034063.0253716
3920,GRADUATE,1694034098.172666,1694034098.8678782
3214,GRADUATE,1694034108.2760634,1694034108.8654745
4096,GRADUATE,1694034119.288752,1694034126.9987786
2791,DROPOUT,1694034143.8860867,1694034144.6317186
988,DROPOUT,1694034155.620115,1694034159.7947495
648,GRADUATE,1694034172.9517913,1694034173.5103245
2537,GRADUATE,1694034188.553192,1694034190.8492208
3053,DROPOUT,1694034201.0781376,1694034204.243677
3232,GRADUATE,1694034211.694706,1694034212.4288378
2883,DROPOUT,1694034219.3026164,1694034225.2267172
3575,GRADUATE,1694034241.6855977,1694034242.9492
1576,DROPOUT,1694034248.4541821,1694034249.0040596
131,GRADUATE,1694034255.099807,1694034255.8131022
2,YES,yes
3,12
know,AGREE
com_2,NEUTRAL
fai_5,DISAGREE
fai_3,NEUTRAL
fai_2,DISAGREE
rel_5,NEUTRAL
com_3,DISAGREE
fai_1,DISAGREE
com_5,AGREE
rel_1,NEUTRAL
rel_2,NEUTRAL
fai_4,DISAGREE
com_1,AGREE
