Prolific ID,612684c6d2cef3acadf5d77b
266,GRADUATE,1694034078.1950674,1694034083.6069825
988,DROPOUT,1694034104.580339,1694034104.9519928
4096,GRADUATE,1694034121.6110137,1694034122.2343967
3920,GRADUATE,1694034204.7571123,1694034205.4226692
648,GRADUATE,1694034212.3564425,1694034212.8080616
2883,GRADUATE,1694034228.9760888,1694034229.5495262
3575,GRADUATE,1694034330.4765177,1694034332.524613
2791,GRADUATE,1694034344.547932,1694034345.2345629
131,GRADUATE,1694034365.9905608,1694034366.6612377
2781,DROPOUT,1694034379.1138425,1694034379.4305346
2537,GRADUATE,1694034413.0538275,1694034413.783837
1576,GRADUATE,1694034500.973079,1694034501.5736432
3053,GRADUATE,1694034511.5747902,1694034512.5130234
3232,GRADUATE,1694034548.6054294,1694034549.491666
3214,GRADUATE,1694034558.3565469,1694034559.0295272
2,YES,chat gpt
3,11
know,STRONGLY AGREE
rel_2,DISAGREE
com_1,AGREE
fai_5,AGREE
fai_3,DISAGREE
fai_4,DISAGREE
rel_1,DISAGREE
rel_5,AGREE
fai_1,DISAGREE
com_5,STRONGLY AGREE
com_3,DISAGREE
com_2,AGREE
fai_2,DISAGREE
