Prolific ID,5c9a59baa32382000162ecc3
3214,DROPOUT,1694034054.847927,1694034059.4514496
2883,GRADUATE,1694034093.144828,1694034094.8700085
2791,GRADUATE,1694034119.4113257,1694034120.2941484
2781,DROPOUT,1694034143.1176865,1694034144.0839775
3053,GRADUATE,1694034172.2792416,1694034172.8522084
131,GRADUATE,1694034214.9708278,1694034216.5302875
4096,GRADUATE,1694034231.709954,1694034233.2361474
3232,DROPOUT,1694034267.6509287,1694034268.6992717
988,GRADUATE,1694034298.7390592,1694034300.7359238
266,GRADUATE,1694034304.111411,1694034307.4842887
2537,GRADUATE,1694034322.6774855,1694034323.5329669
3575,GRADUATE,1694034340.3430092,1694034341.3430493
648,GRADUATE,1694034357.7804477,1694034359.633267
1576,GRADUATE,1694034382.8562763,1694034384.0208945
3920,DROPOUT,1694034400.699162,1694034401.9771214
2,YES,My first AI contact is by ChatGPT search function.
3,4
know,AGREE
fai_1,DISAGREE
com_2,AGREE
com_5,AGREE
fai_5,AGREE
fai_2,DISAGREE
com_1,AGREE
rel_1,NEUTRAL
rel_2,DISAGREE
rel_5,NEUTRAL
fai_3,NEUTRAL
com_3,NEUTRAL
fai_4,DISAGREE
