Prolific ID,5e45ad5adb671e0952ec6b86
648,GRADUATE,1694034170.0781224,1694034172.0374327
2791,GRADUATE,1694034228.8243203,1694034230.376204
3214,GRADUATE,1694034261.3565438,1694034262.1389985
131,GRADUATE,1694034290.4052584,1694034291.3021412
2883,GRADUATE,1694034329.9664404,1694034330.7828798
2537,GRADUATE,1694034356.6148496,1694034357.1233735
2781,DROPOUT,1694034383.364203,1694034385.139785
3575,GRADUATE,1694034441.3113508,1694034445.1585946
1576,GRADUATE,1694034472.2243996,1694034473.7534459
4096,GRADUATE,1694034505.4814506,1694034507.0090163
3053,DROPOUT,1694034541.18853,1694034541.6337357
988,DROPOUT,1694034603.887818,1694034604.672174
3232,GRADUATE,1694034631.8609161,1694034632.5835514
266,GRADUATE,1694034656.0113187,1694034656.827254
3920,DROPOUT,1694034679.1289468,1694034679.5617762
2,YES,I use AI to assist me in organization 
3,13
know,AGREE
com_3,AGREE
rel_2,NEUTRAL
fai_1,NEUTRAL
com_5,AGREE
fai_5,AGREE
rel_5,AGREE
fai_4,NEUTRAL
fai_3,AGREE
rel_1,AGREE
com_1,NEUTRAL
fai_2,AGREE
com_2,AGREE
