Prolific ID,5f8eb8a163e74b040ee1e9a2
2791,GRADUATE,1694034125.4000094,1694034130.2451277
131,GRADUATE,1694034164.0572596,1694034165.306567
3214,GRADUATE,1694034190.1605685,1694034190.9483218
3575,GRADUATE,1694034196.5101347,1694034204.3270364
3232,DROPOUT,1694034222.871805,1694034223.7637117
3053,DROPOUT,1694034236.1984906,1694034239.556736
3920,DROPOUT,1694034248.7350018,1694034250.100389
2537,GRADUATE,1694034266.5528092,1694034268.509076
648,GRADUATE,1694034279.0551932,1694034279.884782
266,GRADUATE,1694034287.1349933,1694034288.4400415
2883,DROPOUT,1694034299.7990773,1694034300.2113655
2781,DROPOUT,1694034312.0877042,1694034313.8515806
1576,DROPOUT,1694034328.152233,1694034328.8518405
988,DROPOUT,1694034340.4306602,1694034340.9004118
4096,GRADUATE,1694034348.4724627,1694034349.4133587
2,NO,
3,10
know,DISAGREE
fai_5,NEUTRAL
rel_5,AGREE
com_5,AGREE
com_3,NEUTRAL
fai_3,AGREE
rel_2,STRONGLY DISAGREE
fai_1,AGREE
rel_1,AGREE
com_1,AGREE
com_2,AGREE
fai_2,AGREE
fai_4,DISAGREE
