Prolific ID,5ded597631a7e041af9f61fa
2537,GRADUATE,1694034169.289303,1694034170.5275762
1576,GRADUATE,1694034211.8062553,1694034235.1681566
988,DROPOUT,1694034267.247321,1694034274.9680848
3214,GRADUATE,1694034297.6223276,1694034299.0853417
3575,GRADUATE,1694034324.8794591,1694034326.008574
3920,DROPOUT,1694034349.2481952,1694034350.709478
2781,DROPOUT,1694034403.4954007,1694034404.4969485
2791,GRADUATE,1694034416.7521613,1694034417.693089
3053,GRADUATE,1694034635.2442768,1694034635.9788115
4096,GRADUATE,1694034654.333718,1694034655.548164
266,GRADUATE,1694034693.1659784,1694034693.8885944
3232,GRADUATE,1694034726.0270379,1694034726.7469478
131,GRADUATE,1694034737.2018106,1694034737.6954732
2883,GRADUATE,1694034748.9837244,1694034749.659353
648,GRADUATE,1694034765.0648608,1694034765.6301982
2,YES,i've used chatgpt, bard and image ai generated 
3,15
know,AGREE
com_5,STRONGLY AGREE
fai_5,AGREE
rel_2,AGREE
com_3,NEUTRAL
fai_4,NEUTRAL
fai_1,AGREE
fai_2,DISAGREE
com_1,NEUTRAL
fai_3,NEUTRAL
com_2,NEUTRAL
rel_1,NEUTRAL
rel_5,STRONGLY AGREE
