Prolific ID,5f5809a4352ec4366bb451ef
3232,GRADUATE,1694036026.1591334,1694036027.5519702
3920,DROPOUT,1694036098.457921,1694036099.3399386
3575,GRADUATE,1694036151.1731675,1694036154.0156221
3214,GRADUATE,1694036187.7139368,1694036188.8623273
2883,GRADUATE,1694036236.847905,1694036237.6098685
2537,GRADUATE,1694036271.9836059,1694036272.687713
1576,GRADUATE,1694036316.2888427,1694036317.0267634
131,GRADUATE,1694036345.9591117,1694036347.9692166
4096,GRADUATE,1694036383.677517,1694036385.8810163
3053,GRADUATE,1694036412.6140306,1694036413.3676047
2791,GRADUATE,1694036435.3643763,1694036436.5116181
988,DROPOUT,1694036461.5544114,1694036462.2449937
2781,DROPOUT,1694036469.9261534,1694036470.7715614
266,GRADUATE,1694036495.082783,1694036495.9091074
648,GRADUATE,1694036512.2356784,1694036513.0110188
2,YES,Mainly ChatGPT and AI image generators
3,11
know,NEUTRAL
fai_2,AGREE
com_5,AGREE
fai_5,AGREE
com_3,NEUTRAL
rel_1,NEUTRAL
fai_4,DISAGREE
fai_3,AGREE
rel_2,NEUTRAL
com_1,NEUTRAL
rel_5,NEUTRAL
fai_1,AGREE
com_2,AGREE
