Prolific ID,5fad5482f2e5c201d4a5cd76
3214,GRADUATE,GRADUATE,1693945039.0061576,1693945050.3562257,1693945057.2266965
3232,DROPOUT,DROPOUT,1693945091.5223567,1693945092.190686,1693945094.6051214
4096,GRADUATE,GRADUATE,1693945143.7038946,1693945144.6695743,1693945147.1484888
3575,GRADUATE,GRADUATE,1693945169.820498,1693945170.2663863,1693945186.2078214
2781,DROPOUT,DROPOUT,1693945246.515063,1693945246.9673178,1693945248.259681
2883,GRADUATE,GRADUATE,1693945278.5827172,1693945279.1890411,1693945281.1387649
648,GRADUATE,GRADUATE,1693945418.7130485,1693945419.5493588,1693945420.8699503
131,DROPOUT,GRADUATE,1693945438.5281405,1693945439.038788,1693945441.9122453
1576,DROPOUT,DROPOUT,1693945527.2840486,1693945527.7896502,1693945528.97639
2791,GRADUATE,GRADUATE,1693945539.1991355,1693945540.3160195,1693945541.8370275
266,GRADUATE,GRADUATE,1693945633.10106,1693945633.6507604,1693945635.2203097
988,GRADUATE,DROPOUT,1693945652.8418713,1693945653.446853,1693945655.9083598
3920,GRADUATE,DROPOUT,1693945670.9072504,1693945671.572886,1693945673.5098407
2537,GRADUATE,GRADUATE,1693945714.8616047,1693945715.3031,1693945716.7008405
3053,GRADUATE,GRADUATE,1693945733.2443283,1693945733.7181523,1693945734.6957366
2,NO,
3,11
know,NEUTRAL
fai_3,NEUTRAL
com_1,AGREE
fai_4,DISAGREE
com_3,NEUTRAL
fai_5,STRONGLY DISAGREE
rel_1,NEUTRAL
rel_5,NEUTRAL
com_2,NEUTRAL
fai_1,DISAGREE
fai_2,DISAGREE
com_5,NEUTRAL
rel_2,AGREE
