Prolific ID,5cea706c0afd6e0001a9e93e
3575,GRADUATE,GRADUATE,1693985921.0327737,1693985921.8354433,1693985952.3623288
3920,DROPOUT,DROPOUT,1693985968.7091913,1693985969.250616,1693985970.5951996
4096,GRADUATE,GRADUATE,1693985995.6250749,1693985996.0668669,1693985997.246547
2883,DROPOUT,DROPOUT,1693986017.7494125,1693986018.0874383,1693986019.3556318
648,GRADUATE,GRADUATE,1693986039.6547036,1693986040.240476,1693986042.2929296
3053,GRADUATE,GRADUATE,1693986055.6914065,1693986056.133488,1693986057.6378844
3214,GRADUATE,GRADUATE,1693986064.6211624,1693986065.2410457,1693986066.361367
131,DROPOUT,DROPOUT,1693986083.0336149,1693986092.5745623,1693986094.0891654
3232,DROPOUT,DROPOUT,1693986108.482254,1693986108.8423672,1693986110.7417495
988,GRADUATE,GRADUATE,1693986118.6807547,1693986119.1780627,1693986120.359325
2781,DROPOUT,DROPOUT,1693986128.370667,1693986128.7131863,1693986129.5039442
1576,DROPOUT,DROPOUT,1693986132.8773515,1693986137.5045002,1693986138.4463596
2537,DROPOUT,DROPOUT,1693986146.970794,1693986147.3157887,1693986148.3373384
266,DROPOUT,DROPOUT,1693986163.7816706,1693986164.079832,1693986164.7983797
2791,GRADUATE,GRADUATE,1693986179.0511239,1693986179.5358799,1693986180.3441842
2,NO,
3,9
know,DISAGREE
com_5,STRONGLY DISAGREE
fai_3,DISAGREE
rel_1,DISAGREE
rel_5,NEUTRAL
com_1,NEUTRAL
com_3,STRONGLY DISAGREE
fai_4,STRONGLY DISAGREE
fai_1,STRONGLY DISAGREE
com_2,NEUTRAL
fai_2,DISAGREE
fai_5,STRONGLY DISAGREE
rel_2,NEUTRAL
