Prolific ID,60fa8de06b4d98fa4621e303
3920,DROPOUT,DROPOUT,1693985960.032029,1693986012.316202,1693986015.1661468
3214,GRADUATE,GRADUATE,1693986032.0324798,1693986032.5324311,1693986034.791936
266,DROPOUT,DROPOUT,1693986051.6533291,1693986051.9220693,1693986054.2544348
4096,DROPOUT,DROPOUT,1693986062.4322045,1693986063.0826967,1693986063.981188
1576,GRADUATE,GRADUATE,1693986069.9299157,1693986070.2699046,1693986071.3546336
3575,GRADUATE,GRADUATE,1693986091.7353432,1693986092.2075562,1693986099.2335835
2537,GRADUATE,GRADUATE,1693986113.3002942,1693986113.6218455,1693986114.5952764
2883,GRADUATE,GRADUATE,1693986129.3270946,1693986129.9894469,1693986130.8749225
3053,DROPOUT,DROPOUT,1693986137.2012491,1693986137.564183,1693986138.6896403
2781,GRADUATE,GRADUATE,1693986145.1933298,1693986145.5396693,1693986146.5163221
2791,GRADUATE,GRADUATE,1693986151.0325482,1693986151.8500059,1693986152.7229075
988,GRADUATE,GRADUATE,1693986159.155026,1693986159.4972255,1693986165.158228
3232,GRADUATE,GRADUATE,1693986180.6543164,1693986180.9460435,1693986181.7889333
131,DROPOUT,DROPOUT,1693986191.7765179,1693986194.1181033,1693986194.965816
648,DROPOUT,DROPOUT,1693986209.6436985,1693986209.8473144,1693986210.8632517
2,YES,Mostly with CHAT GPT
3,8
know,STRONGLY AGREE
rel_5,STRONGLY AGREE
com_1,STRONGLY AGREE
com_3,STRONGLY AGREE
com_5,STRONGLY AGREE
fai_5,NEUTRAL
fai_2,STRONGLY DISAGREE
com_2,AGREE
fai_4,DISAGREE
rel_2,AGREE
fai_1,DISAGREE
fai_3,AGREE
rel_1,NEUTRAL
