Prolific ID,60e000b2f2c53b6e6063aae0
4096,GRADUATE,DROPOUT,1693986019.1574519,1693986031.883118,1693986037.0495586
1576,GRADUATE,DROPOUT,1693986094.6009362,1693986095.6619132,1693986099.3010652
266,DROPOUT,GRADUATE,1693986126.3119133,1693986127.016514,1693986130.4341354
2537,GRADUATE,GRADUATE,1693986174.1636498,1693986175.1904998,1693986177.4291224
988,GRADUATE,DROPOUT,1693986214.1771338,1693986214.927864,1693986217.1775086
3575,GRADUATE,DROPOUT,1693986249.3684754,1693986250.0050836,1693986252.3219094
2791,GRADUATE,GRADUATE,1693986277.8800824,1693986278.602683,1693986280.6306329
648,DROPOUT,DROPOUT,1693986310.4667659,1693986311.0541358,1693986313.097063
131,GRADUATE,GRADUATE,1693986356.9001114,1693986357.5782623,1693986359.687169
3214,DROPOUT,GRADUATE,1693986383.4196398,1693986383.88291,1693986386.369496
3232,GRADUATE,GRADUATE,1693986425.6235254,1693986426.4683595,1693986428.4025083
3053,GRADUATE,GRADUATE,1693986439.2416399,1693986440.4481163,1693986443.3810122
2883,GRADUATE,GRADUATE,1693986454.832897,1693986455.4463477,1693986457.186266
2781,GRADUATE,DROPOUT,1693986479.5923498,1693986480.1499324,1693986482.2072992
3920,GRADUATE,DROPOUT,1693986492.1021278,1693986492.8901637,1693986495.1008575
2,YES,in my phone i normally use it for writing content
3,7
know,AGREE
fai_5,NEUTRAL
rel_2,AGREE
rel_1,AGREE
com_3,NEUTRAL
com_2,STRONGLY AGREE
rel_5,STRONGLY AGREE
fai_3,STRONGLY AGREE
fai_1,AGREE
fai_4,NEUTRAL
com_5,AGREE
fai_2,NEUTRAL
com_1,AGREE
