Prolific ID,5e90ac47f9c9d13bd8831182
1576,DROPOUT,DROPOUT,1694005718.0368047,1694005720.2653663,1694005722.4977844
3214,DROPOUT,DROPOUT,1694005730.623433,1694005736.9156024,1694005738.548251
266,GRADUATE,GRADUATE,1694005746.6882749,1694005747.3890727,1694005748.8699195
3053,DROPOUT,DROPOUT,1694005765.5220213,1694005769.1522365,1694005770.4946373
4096,DROPOUT,DROPOUT,1694005783.4909747,1694005783.8166153,1694005784.9696867
3575,DROPOUT,DROPOUT,1694005797.2958453,1694005797.553632,1694005798.6657822
988,DROPOUT,DROPOUT,1694005803.6851635,1694005804.5942585,1694005805.601306
3920,DROPOUT,DROPOUT,1694005809.9406226,1694005810.5685265,1694005811.5378268
648,DROPOUT,DROPOUT,1694005817.5808525,1694005818.402192,1694005819.6342566
2537,DROPOUT,DROPOUT,1694005832.5506213,1694005836.8993037,1694005838.0355742
2883,DROPOUT,DROPOUT,1694005847.9044638,1694005848.8244228,1694005849.8042984
3232,GRADUATE,GRADUATE,1694005858.752818,1694005859.189825,1694005860.149916
2791,GRADUATE,GRADUATE,1694005865.393758,1694005866.4556432,1694005867.7035246
2781,GRADUATE,GRADUATE,1694005882.6837223,1694005883.4651809,1694005884.474278
131,DROPOUT,DROPOUT,1694005904.5097322,1694005905.4591825,1694005911.1485143
2,YES,ChatGPT, PlaygroundAI
3,0
know,DISAGREE
rel_5,DISAGREE
fai_3,STRONGLY DISAGREE
rel_2,DISAGREE
rel_1,STRONGLY DISAGREE
com_1,DISAGREE
fai_2,DISAGREE
com_3,DISAGREE
fai_4,DISAGREE
com_2,DISAGREE
com_5,NEUTRAL
fai_1,DISAGREE
fai_5,DISAGREE
