Prolific ID,60c7bbd398cd8aa3e0a0fbb4
2781,DROPOUT,DROPOUT,1694005983.0114481,1694006072.6015677,1694006076.6413708
3214,GRADUATE,GRADUATE,1694006104.865562,1694006116.7091687,1694006120.967768
4096,GRADUATE,GRADUATE,1694006286.197922,1694006286.9831517,1694006293.9054964
3575,GRADUATE,GRADUATE,1694006326.5663288,1694006327.2764478,1694006365.6829684
2791,GRADUATE,GRADUATE,1694006429.6984835,1694006430.4252372,1694006432.7884595
3053,DROPOUT,GRADUATE,1694006465.742547,1694006470.5228875,1694006632.0894876
2537,GRADUATE,GRADUATE,1694006669.0642533,1694006669.718261,1694006671.4088838
3920,DROPOUT,DROPOUT,1694006722.6332579,1694006723.1497612,1694006725.0952086
1576,DROPOUT,DROPOUT,1694006748.8065355,1694006749.481953,1694006751.1801374
266,GRADUATE,GRADUATE,1694006766.9978657,1694006767.5670545,1694006768.5505085
2883,DROPOUT,DROPOUT,1694006788.7162848,1694006789.223197,1694006790.8580856
988,GRADUATE,DROPOUT,1694006823.1991274,1694006823.940009,1694006841.2565005
648,GRADUATE,GRADUATE,1694006863.8810618,1694006867.6924942,1694006868.8425112
3232,GRADUATE,GRADUATE,1694006918.8527734,1694006919.3374493,1694006920.370525
131,GRADUATE,GRADUATE,1694006938.8034973,1694006939.3425095,1694006940.2697117
2,YES,At work
3,8
know,DISAGREE
fai_3,NEUTRAL
fai_2,NEUTRAL
rel_5,AGREE
fai_1,NEUTRAL
fai_5,DISAGREE
com_1,NEUTRAL
fai_4,DISAGREE
rel_1,DISAGREE
rel_2,NEUTRAL
com_2,DISAGREE
com_5,NEUTRAL
com_3,STRONGLY DISAGREE
