Prolific ID,5f4fca2d35293d0d87b7f323
266,GRADUATE,GRADUATE,1694005993.7248607,1694005997.6557262,1694005999.9561229
2883,GRADUATE,GRADUATE,1694006027.2560654,1694006027.9683259,1694006029.4445512
131,DROPOUT,DROPOUT,1694006054.3763797,1694006055.1783442,1694006056.5553484
2537,GRADUATE,GRADUATE,1694006076.2082021,1694006077.1399682,1694006078.5767322
3575,GRADUATE,DROPOUT,1694006092.3457346,1694006092.8311315,1694006095.1235878
3053,GRADUATE,GRADUATE,1694006105.9413164,1694006107.12553,1694006109.2569172
3232,DROPOUT,GRADUATE,1694006126.491984,1694006127.3654234,1694006131.7359085
988,DROPOUT,DROPOUT,1694006157.7348542,1694006158.4834795,1694006160.2959938
1576,GRADUATE,DROPOUT,1694006175.8457212,1694006176.463692,1694006179.0158138
4096,GRADUATE,GRADUATE,1694006197.685122,1694006198.7597373,1694006200.5631838
2781,DROPOUT,DROPOUT,1694006215.575619,1694006216.3005276,1694006217.572665
648,GRADUATE,GRADUATE,1694006232.1154134,1694006232.8572903,1694006234.9558785
2791,GRADUATE,GRADUATE,1694006252.2157338,1694006252.933398,1694006254.284089
3214,GRADUATE,GRADUATE,1694006268.8577552,1694006269.7199924,1694006271.7904167
3920,DROPOUT,DROPOUT,1694006305.1560197,1694006306.2705476,1694006307.9771378
2,YES,mostly through ChatGPT
3,11
know,AGREE
com_1,AGREE
fai_1,AGREE
rel_2,NEUTRAL
fai_4,DISAGREE
fai_5,NEUTRAL
com_5,NEUTRAL
rel_5,AGREE
fai_2,AGREE
rel_1,NEUTRAL
fai_3,AGREE
com_2,NEUTRAL
com_3,DISAGREE
