Prolific ID,60f672ca5ca3b52915f16c9d
2781,DROPOUT,DROPOUT,1693945167.5369203,1693945168.9527805,1693945173.9129112
988,DROPOUT,DROPOUT,1693945229.3622856,1693945230.2127202,1693945232.262413
2883,GRADUATE,GRADUATE,1693945294.667038,1693945295.5320797,1693945297.4170933
648,GRADUATE,GRADUATE,1693945327.2314892,1693945328.0866756,1693945330.237398
266,GRADUATE,GRADUATE,1693945352.5871222,1693945353.1672628,1693945354.3219376
3920,GRADUATE,GRADUATE,1693945382.0223649,1693945382.6871767,1693945388.2076347
3575,GRADUATE,GRADUATE,1693945412.3826008,1693945413.4470253,1693945416.3973262
131,GRADUATE,GRADUATE,1693945443.3175416,1693945444.0424166,1693945445.6322086
2791,GRADUATE,GRADUATE,1693945460.8273513,1693945461.6470833,1693945463.2575226
4096,GRADUATE,GRADUATE,1693945475.792005,1693945476.4076145,1693945478.0971541
2537,GRADUATE,GRADUATE,1693945499.0874774,1693945500.9676929,1693945502.3760853
3232,GRADUATE,GRADUATE,1693945524.6472595,1693945525.677771,1693945527.3520696
3214,GRADUATE,GRADUATE,1693945542.7579155,1693945543.3877504,1693945545.1577005
3053,GRADUATE,GRADUATE,1693945624.4078496,1693945624.9177039,1693945626.117995
1576,GRADUATE,GRADUATE,1693945636.6777873,1693945637.2270038,1693945638.9021595
2,YES,through daily usage of chatgpt
3,0
know,STRONGLY AGREE
fai_3,STRONGLY AGREE
fai_4,STRONGLY AGREE
com_2,STRONGLY AGREE
com_5,STRONGLY AGREE
fai_2,STRONGLY AGREE
rel_1,STRONGLY AGREE
rel_5,STRONGLY AGREE
com_3,STRONGLY AGREE
rel_2,STRONGLY AGREE
com_1,STRONGLY AGREE
fai_1,STRONGLY AGREE
fai_5,STRONGLY AGREE
