Prolific ID,5e5c1cbb7d7be93f7c60c82a
1576,GRADUATE,GRADUATE,1694034061.0463111,1694034062.6419332,1694034066.4128423
2781,GRADUATE,GRADUATE,1694034114.8845098,1694034115.8427734,1694034117.6432152
4096,GRADUATE,GRADUATE,1694034138.0964944,1694034139.290538,1694034141.5575006
3575,GRADUATE,GRADUATE,1694034155.537496,1694034156.5423832,1694034158.8947623
2883,DROPOUT,DROPOUT,1694034170.6501706,1694034171.6222243,1694034173.8717217
266,GRADUATE,GRADUATE,1694034195.3669267,1694034197.21584,1694034199.1390276
3053,GRADUATE,GRADUATE,1694034255.964726,1694034257.059471,1694034258.7600951
648,GRADUATE,GRADUATE,1694034268.2247612,1694034269.3551335,1694034272.6204934
988,DROPOUT,DROPOUT,1694034283.387739,1694034284.7424114,1694034286.5171623
3920,DROPOUT,DROPOUT,1694034438.397302,1694034439.4726431,1694034441.1563756
2791,GRADUATE,GRADUATE,1694034448.8056777,1694034449.8634655,1694034451.386517
3214,GRADUATE,GRADUATE,1694034464.0131757,1694034465.0744245,1694034466.437938
3232,GRADUATE,GRADUATE,1694034477.70456,1694034478.6379712,1694034480.3383906
131,DROPOUT,DROPOUT,1694034583.465263,1694034584.273215,1694034586.3241193
2537,GRADUATE,GRADUATE,1694034596.3411782,1694034597.2713559,1694034598.600391
2,YES,internet
3,10
know,AGREE
fai_4,DISAGREE
fai_2,DISAGREE
com_5,AGREE
com_2,AGREE
rel_1,NEUTRAL
rel_5,AGREE
fai_3,NEUTRAL
fai_5,DISAGREE
rel_2,AGREE
com_1,NEUTRAL
fai_1,DISAGREE
com_3,DISAGREE
