Prolific ID,5f95fdc2cb09494b31528d18
1576,GRADUATE,GRADUATE,1694034131.6276267,1694034145.1382835,1694034150.3587155
3053,GRADUATE,GRADUATE,1694034177.6601272,1694034181.03804,1694034184.7211134
3920,DROPOUT,DROPOUT,1694034228.815755,1694034229.9557686,1694034232.968898
2781,GRADUATE,DROPOUT,1694034259.547786,1694034260.607175,1694034264.1759038
4096,GRADUATE,GRADUATE,1694034295.974917,1694034297.0568604,1694034300.6559029
3232,GRADUATE,GRADUATE,1694034339.3639393,1694034340.9853213,1694034343.5778756
2537,GRADUATE,GRADUATE,1694034360.6446612,1694034361.8143532,1694034365.26821
988,DROPOUT,DROPOUT,1694034431.243376,1694034432.304097,1694034434.4967937
3575,GRADUATE,GRADUATE,1694034455.8544068,1694034456.978082,1694034489.9495437
2883,GRADUATE,GRADUATE,1694034507.8547838,1694034508.834573,1694034511.3206286
131,DROPOUT,GRADUATE,1694034522.8590095,1694034523.9790883,1694034527.3993063
3214,GRADUATE,GRADUATE,1694034539.7174647,1694034540.8834598,1694034542.6030848
2791,GRADUATE,GRADUATE,1694034554.687694,1694034555.727748,1694034560.1792696
266,GRADUATE,GRADUATE,1694034573.1696808,1694034574.1342068,1694034576.6216362
648,GRADUATE,GRADUATE,1694034585.1382437,1694034586.403108,1694034588.7299182
2,YES,by the internet and other questionnaires that ive done
3,9
know,STRONGLY AGREE
fai_3,AGREE
com_5,AGREE
com_1,AGREE
fai_2,NEUTRAL
rel_2,AGREE
com_3,AGREE
fai_1,AGREE
fai_5,AGREE
fai_4,NEUTRAL
rel_1,AGREE
com_2,AGREE
rel_5,AGREE
