Prolific ID,55fb380977f33b0012cb1fc2
2791,GRADUATE,GRADUATE,1694034142.4454243,1694034152.8794918,1694034158.702598
3575,GRADUATE,GRADUATE,1694034195.7693462,1694034197.3069541,1694034201.5126412
2781,DROPOUT,DROPOUT,1694034236.4669943,1694034237.4403822,1694034239.472157
2883,GRADUATE,GRADUATE,1694034280.6319926,1694034281.6437998,1694034283.718994
4096,GRADUATE,GRADUATE,1694034328.5303266,1694034329.3574915,1694034331.5238998
3214,GRADUATE,GRADUATE,1694034354.4813662,1694034355.657124,1694034357.3680096
3920,DROPOUT,DROPOUT,1694034375.9139001,1694034376.817299,1694034379.3002408
3053,DROPOUT,DROPOUT,1694034393.7546406,1694034394.5860786,1694034396.5270174
266,GRADUATE,GRADUATE,1694034422.5149813,1694034423.7812452,1694034425.9245496
131,GRADUATE,GRADUATE,1694034437.9951134,1694034438.9085152,1694034440.5139773
988,DROPOUT,DROPOUT,1694034451.477008,1694034452.248218,1694034453.6712189
1576,DROPOUT,DROPOUT,1694034469.1678097,1694034470.0056608,1694034471.5238504
648,GRADUATE,GRADUATE,1694034493.3295984,1694034494.5079355,1694034496.103132
2537,GRADUATE,GRADUATE,1694034506.7642736,1694034507.6390893,1694034509.2009933
3232,GRADUATE,GRADUATE,1694034525.3393004,1694034526.2145848,1694034527.6317277
2,YES,I have heard quite a lot of discussions among friends
3,15
know,STRONGLY AGREE
rel_1,AGREE
rel_2,NEUTRAL
fai_1,DISAGREE
com_1,NEUTRAL
fai_2,STRONGLY DISAGREE
com_2,NEUTRAL
com_5,NEUTRAL
com_3,STRONGLY DISAGREE
fai_3,STRONGLY DISAGREE
fai_4,STRONGLY DISAGREE
rel_5,NEUTRAL
fai_5,DISAGREE
