Prolific ID,612cdfbb6f79aacd20c2b2c6
3053,DROPOUT,DROPOUT,1694034146.0715692,1694034148.7755628,1694034154.6560035
3575,GRADUATE,GRADUATE,1694034175.2633572,1694034176.8554587,1694034180.9402492
988,GRADUATE,GRADUATE,1694034200.5675457,1694034202.5594718,1694034205.9032743
3232,GRADUATE,GRADUATE,1694034229.6394484,1694034231.182903,1694034234.9883497
2791,DROPOUT,GRADUATE,1694034251.2070856,1694034252.7197473,1694034256.5585885
131,DROPOUT,DROPOUT,1694034260.8112202,1694034262.0550451,1694034264.4558501
2883,DROPOUT,DROPOUT,1694034280.3756113,1694034282.3909438,1694034285.0825377
2537,DROPOUT,GRADUATE,1694034343.1434233,1694034344.391025,1694034349.0306776
3920,DROPOUT,DROPOUT,1694034353.8391652,1694034355.0148382,1694034358.06276
648,DROPOUT,DROPOUT,1694034361.439499,1694034362.9517653,1694034365.1673782
2781,GRADUATE,DROPOUT,1694034367.5350966,1694034368.7278492,1694034375.4312134
1576,GRADUATE,GRADUATE,1694034381.0313182,1694034382.2880535,1694034385.4154077
266,GRADUATE,GRADUATE,1694034388.909625,1694034390.1761394,1694034392.6563568
4096,GRADUATE,GRADUATE,1694034397.7359557,1694034398.647424,1694034401.8868957
3214,GRADUATE,GRADUATE,1694034405.326973,1694034406.4722006,1694034408.799464
2,YES,through research
3,9
know,AGREE
fai_4,NEUTRAL
fai_3,AGREE
rel_5,AGREE
fai_5,NEUTRAL
fai_1,DISAGREE
com_2,NEUTRAL
fai_2,DISAGREE
com_3,NEUTRAL
rel_1,NEUTRAL
com_1,NEUTRAL
com_5,STRONGLY AGREE
rel_2,DISAGREE
