Prolific ID,5ec3e5be68bbf2081da1eba2
3920,GRADUATE,1693986177.037629,1693986197.9846728
131,DROPOUT,1693986248.3456135,1693986249.4280999
1576,DROPOUT,1693986366.788014,1693986369.011133
4096,GRADUATE,1693986400.7864265,1693986401.756385
988,GRADUATE,1693986441.7742808,1693986442.6599274
648,GRADUATE,1693986477.70986,1693986479.4883492
2883,GRADUATE,1693986510.8352172,1693986511.2917118
2537,GRADUATE,1693986581.948838,1693986583.2164772
2791,GRADUATE,1693986624.074964,1693986624.6200933
2781,DROPOUT,1693986648.6422253,1693986649.6503434
3575,GRADUATE,1693986711.6489553,1693986713.7536538
3214,GRADUATE,1693986730.3483512,1693986734.2933862
3232,GRADUATE,1693986811.3738356,1693986812.462407
266,GRADUATE,1693986828.2858322,1693986829.2388184
3053,GRADUATE,1693986850.411695,1693986852.084621
2,YES,I have not used an AI but I have seen many videos where they talk about it, or where they use it to make videos.
3,13
know,NEUTRAL
fai_5,NEUTRAL
com_2,AGREE
rel_5,NEUTRAL
rel_1,NEUTRAL
fai_2,AGREE
com_1,NEUTRAL
com_3,NEUTRAL
rel_2,NEUTRAL
fai_3,AGREE
fai_1,STRONGLY AGREE
com_5,AGREE
fai_4,NEUTRAL
