Prolific ID,5f3dfadfbb8b7422fc293393
648,GRADUATE,1693986156.8532739,1693986158.0883934
266,GRADUATE,1693986211.7716846,1693986212.9108193
2883,GRADUATE,1693986230.8896267,1693986232.1923175
988,GRADUATE,1693986267.1441407,1693986268.5736434
2781,DROPOUT,1693986293.3832197,1693986295.6738636
3575,GRADUATE,1693986309.2023656,1693986321.405463
3214,GRADUATE,1693986342.7702882,1693986343.933798
3920,DROPOUT,1693986371.807846,1693986372.8873975
4096,GRADUATE,1693986390.7396986,1693986393.1076896
3232,GRADUATE,1693986410.0494244,1693986411.2025182
2537,GRADUATE,1693986446.5454662,1693986447.7324364
1576,DROPOUT,1693986466.656177,1693986467.9928067
131,GRADUATE,1693986478.740952,1693986480.8065736
2791,GRADUATE,1693986494.5575218,1693986495.6866086
3053,GRADUATE,1693986534.0827208,1693986540.992908
2,YES,Mostly through ChatGPT and other online services
3,12
know,DISAGREE
rel_2,NEUTRAL
rel_1,AGREE
rel_5,AGREE
com_3,AGREE
fai_4,DISAGREE
fai_5,AGREE
fai_2,DISAGREE
com_5,AGREE
fai_1,NEUTRAL
com_2,AGREE
com_1,AGREE
fai_3,NEUTRAL
