Prolific ID,60ba101202b7fd117c0f3b94
1576,DROPOUT,1693986313.2888908,1693986315.8262515
3920,GRADUATE,1693986347.596804,1693986348.133156
131,DROPOUT,1693986422.4168222,1693986425.0055892
3214,GRADUATE,1693986432.9534564,1693986435.9006476
3053,GRADUATE,1693986452.54814,1693986454.2143404
266,GRADUATE,1693986543.232332,1693986545.9117143
2791,GRADUATE,1693986553.7636936,1693986555.223777
2781,DROPOUT,1693986616.987401,1693986622.2286267
4096,GRADUATE,1693986626.1452658,1693986634.0457335
2537,GRADUATE,1693986641.9999707,1693986642.3979495
3575,GRADUATE,1693986650.8765185,1693986651.3356822
2883,DROPOUT,1693986661.5648007,1693986663.5520086
648,GRADUATE,1693986673.9315603,1693986675.4570158
988,DROPOUT,1693986681.469734,1693986681.9295456
3232,GRADUATE,1693986692.5802798,1693986693.8184204
2,YES,I was playing ChatGPT already and other chatbots
3,4
know,STRONGLY AGREE
com_5,DISAGREE
fai_3,DISAGREE
com_2,DISAGREE
com_1,NEUTRAL
rel_1,STRONGLY DISAGREE
rel_5,AGREE
fai_5,DISAGREE
com_3,NEUTRAL
fai_1,DISAGREE
rel_2,DISAGREE
fai_2,STRONGLY DISAGREE
fai_4,NEUTRAL
