Prolific ID,60bfa9ff9f2ee1bbfd5ba245
2781,DROPOUT,1693988595.9098785,1693988597.165536
3214,GRADUATE,1693988600.8263693,1693988601.669443
4096,DROPOUT,1693988603.5391192,1693988604.4611924
3053,GRADUATE,1693988608.2913334,1693988610.0804663
131,GRADUATE,1693988613.51057,1693988615.2861607
2537,GRADUATE,1693988620.0614123,1693988623.7850513
2791,GRADUATE,1693988635.5294633,1693988639.541418
2883,GRADUATE,1693988647.0612917,1693988657.507486
266,,1693988657.5076694,1693988660.7816858
3920,DROPOUT,1693988666.0232353,1693988669.6463025
988,DROPOUT,1693988680.049608,1693988681.7514193
648,GRADUATE,1693988684.3710067,1693988686.0216792
3575,DROPOUT,1693988689.1696775,1693988690.406137
1576,DROPOUT,1693988694.6966825,1693988703.505653
3232,GRADUATE,1693988708.091185,1693988714.2860122
2,NO,13
3,0
know,NEUTRAL
fai_5,NEUTRAL
rel_1,AGREE
fai_1,AGREE
com_5,AGREE
fai_3,NEUTRAL
fai_2,AGREE
rel_5,AGREE
com_3,NEUTRAL
fai_4,NEUTRAL
rel_2,AGREE
com_2,AGREE
com_1,AGREE
