Prolific ID,5da1b94dbc285e001676e438
3053,GRADUATE,1693945109.718554,1693945113.410259
3232,GRADUATE,1693945224.647342,1693945226.285206
2781,DROPOUT,1693945228.512077,1693945229.108963
3920,GRADUATE,1693945298.3521347,1693945299.1824234
2537,DROPOUT,1693945306.8330028,1693945308.0642147
648,GRADUATE,1693945383.0194323,1693945384.839797
3575,DROPOUT,1693945466.2168887,1693945467.223308
2791,DROPOUT,1693945484.50753,1693945485.7298138
2883,DROPOUT,1693945609.0382676,1693945610.1237462
988,GRADUATE,1693945624.2383761,1693945625.2762852
1576,DROPOUT,1693945696.7121189,1693945697.453495
4096,GRADUATE,1693945709.6969035,1693945711.6462755
131,GRADUATE,1693945785.649554,1693945786.0867717
3214,GRADUATE,1693945788.7891915,1693945796.2476244
266,GRADUATE,1693945875.771349,1693945876.6010494
2,YES,probably
3,0
know,AGREE
fai_3,NEUTRAL
rel_5,NEUTRAL
com_2,AGREE
fai_5,DISAGREE
com_1,AGREE
fai_4,AGREE
fai_2,AGREE
rel_1,NEUTRAL
com_5,AGREE
fai_1,NEUTRAL
com_3,NEUTRAL
rel_2,AGREE
