Prolific ID,61242dd5be1a06b174975a1f
131,GRADUATE,1694006019.0667994,1694006019.571507
2883,GRADUATE,1694006081.7216163,1694006082.6346996
1576,DROPOUT,1694006127.1090457,1694006128.0571032
3232,GRADUATE,1694006159.427774,1694006160.02344
2781,DROPOUT,1694006191.7604434,1694006192.2611036
2537,GRADUATE,1694006214.5947533,1694006215.1351354
4096,GRADUATE,1694006235.7030506,1694006236.4913626
3575,GRADUATE,1694006260.365602,1694006261.5726938
3053,DROPOUT,1694006281.1694534,1694006282.3220046
266,GRADUATE,1694006298.2957253,1694006298.9714842
988,DROPOUT,1694006319.6591969,1694006320.3851156
648,GRADUATE,1694006344.5486147,1694006345.2329142
3920,DROPOUT,1694006362.359424,1694006362.9538946
2791,GRADUATE,1694006376.744851,1694006378.3455176
3214,GRADUATE,1694006391.7015233,1694006392.4710364
2,YES,picture generator, chatbot
3,13
know,STRONGLY AGREE
rel_2,AGREE
rel_1,AGREE
fai_1,NEUTRAL
com_2,NEUTRAL
fai_5,DISAGREE
fai_2,NEUTRAL
rel_5,AGREE
com_1,STRONGLY AGREE
fai_4,DISAGREE
fai_3,NEUTRAL
com_3,DISAGREE
com_5,STRONGLY AGREE
