Prolific ID,5db9fbd20fbd8b05db2aa3ed
3232,GRADUATE,1694034094.04969,1694034103.0744886
3575,GRADUATE,1694034195.014202,1694034195.9268212
2781,GRADUATE,1694034205.6388643,1694034206.3289475
131,GRADUATE,1694034231.8730943,1694034233.0664687
4096,GRADUATE,1694034244.3593369,1694034246.6150773
3053,GRADUATE,1694034257.6312816,1694034258.328314
3920,GRADUATE,1694034286.7632632,1694034288.3688533
1576,GRADUATE,1694034295.8015258,1694034297.544689
3214,GRADUATE,1694034305.481855,1694034306.772632
648,GRADUATE,1694034317.516741,1694034318.1921241
266,GRADUATE,1694034384.3430839,1694034385.3189025
2791,GRADUATE,1694034391.3144715,1694034393.2457297
988,GRADUATE,1694034645.3227665,1694034649.7458682
2883,GRADUATE,1694034658.4614983,1694034659.431132
2537,GRADUATE,1694034665.9291604,1694034667.0331147
2,YES,chat GPT for example or With robots
3,9
know,AGREE
rel_1,DISAGREE
fai_5,AGREE
fai_4,NEUTRAL
rel_5,AGREE
fai_3,AGREE
rel_2,AGREE
com_1,AGREE
com_5,NEUTRAL
fai_2,NEUTRAL
com_2,DISAGREE
com_3,DISAGREE
fai_1,AGREE
