Prolific ID,642c63f27d35b896cfbc4976
3575,DROPOUT,1693945352.2481563,1693945353.4325483
1576,DROPOUT,1693945424.7208939,1693945430.1728172
4096,GRADUATE,1693945475.5211759,1693945476.682815
3214,GRADUATE,1693945533.3806267,1693945555.8689635
648,DROPOUT,1693945619.4829457,1693945620.7754338
2781,DROPOUT,1693945712.3928058,1693945714.1444917
3053,GRADUATE,1693945794.3545802,1693945795.1621494
131,GRADUATE,1693945829.9585326,1693945831.4549696
988,DROPOUT,1693945861.8360205,1693945863.065876
3232,GRADUATE,1693945903.2939994,1693945908.609362
2883,GRADUATE,1693945946.5430474,1693945952.1406927
266,GRADUATE,1693945997.0022008,1693945997.809253
2537,GRADUATE,1693946101.0686421,1693946109.2435014
3920,DROPOUT,1693946143.231048,1693946144.5592241
2791,GRADUATE,1693946174.9216561,1693946177.2847004
2,YES,Mostly through Youtube videos
3,10
know,AGREE
fai_2,NEUTRAL
rel_2,NEUTRAL
com_5,AGREE
com_3,NEUTRAL
com_1,NEUTRAL
fai_5,DISAGREE
rel_5,NEUTRAL
fai_3,AGREE
fai_1,AGREE
fai_4,DISAGREE
com_2,AGREE
rel_1,AGREE
