Prolific ID,5c6ed5ea21a3560001bd3758
2537,GRADUATE,GRADUATE,1694416018.8528194,1694416020.1723175,1694416035.438163
3053,GRADUATE,GRADUATE,1694416064.770799,1694416065.3157747,1694416077.8338144
1576,GRADUATE,GRADUATE,1694416100.7885783,1694416104.605006,1694416113.27649
2883,GRADUATE,GRADUATE,1694416131.36131,1694416131.8159833,1694416139.5396788
3232,GRADUATE,GRADUATE,1694416152.8579252,1694416153.3409164,1694416155.9387703
648,GRADUATE,GRADUATE,1694416174.0845006,1694416175.1688628,1694416178.4098008
4096,GRADUATE,GRADUATE,1694416191.8653278,1694416192.403224,1694416201.109838
266,GRADUATE,GRADUATE,1694416217.6909494,1694416218.3019354,1694416225.8706088
131,GRADUATE,GRADUATE,1694416247.8108757,1694416248.4914856,1694416250.7244334
2791,GRADUATE,GRADUATE,1694416274.0710244,1694416274.8396454,1694416279.1189742
3214,GRADUATE,GRADUATE,1694416295.2621248,1694416295.855735,1694416299.949958
3575,GRADUATE,GRADUATE,1694416312.4830055,1694416312.996113,1694416338.620209
2781,GRADUATE,DROPOUT,1694416355.9823759,1694416356.5303047,1694416377.1169922
2781,GRADUATE,DROPOUT,1694416355.9823759,1694416356.5303047,1694416377.1967933
988,GRADUATE,GRADUATE,1694416390.6496787,1694416391.1356754,1694416404.103723
2,YES,Day to day mostly. Ai image generation and text generation. Ai generated news articles and article summaries. AI introduction in university subjects. 
3,13
know,DISAGREE
fai_1,DISAGREE
fai_5,NEUTRAL
fai_4,DISAGREE
com_1,NEUTRAL
rel_1,NEUTRAL
fai_2,DISAGREE
fai_3,DISAGREE
rel_5,NEUTRAL
com_3,DISAGREE
com_2,DISAGREE
rel_2,NEUTRAL
com_5,NEUTRAL
