Prolific ID,614d6d63ffaa9be82c464151
988,DROPOUT,DROPOUT,1694416190.84587,1694416195.0994372,1694416231.0989468
2537,GRADUATE,GRADUATE,1694416283.8273737,1694416285.162803,1694416288.6472738
3053,GRADUATE,GRADUATE,1694416340.4887068,1694416342.0104713,1694416353.6188717
3214,GRADUATE,GRADUATE,1694416378.2794094,1694416379.3913622,1694416383.3393526
1576,DROPOUT,DROPOUT,1694416412.9902227,1694416414.0122285,1694416427.3567166
3232,GRADUATE,GRADUATE,1694416458.1124341,1694416459.7082546,1694416462.666192
2791,GRADUATE,GRADUATE,1694416486.5663764,1694416487.8256905,1694416490.6465964
2883,GRADUATE,GRADUATE,1694416510.5412111,1694416511.8525462,1694416515.2567003
266,GRADUATE,GRADUATE,1694416562.340501,1694416658.8470812,1694417610.805735
3920,DROPOUT,DROPOUT,1694417635.4770703,1694417636.3918862,1694417644.6335373
648,GRADUATE,GRADUATE,1694417673.407235,1694417674.4648988,1694417678.1451542
4096,GRADUATE,GRADUATE,1694417689.6516662,1694417690.7175126,1694417704.6781077
131,GRADUATE,GRADUATE,1694417714.1458552,1694417715.4262316,1694417717.737151
3575,GRADUATE,GRADUATE,1694417732.84457,1694417740.1023812,1694417754.261289
2781,DROPOUT,DROPOUT,1694417795.5137892,1694417796.6394856,1694417805.5696373
2,YES,Chatting with AI and using AI to do researches.
3,15
know,AGREE
fai_5,NEUTRAL
fai_1,NEUTRAL
com_5,STRONGLY AGREE
fai_4,NEUTRAL
com_1,AGREE
rel_5,AGREE
rel_2,AGREE
com_2,NEUTRAL
rel_1,AGREE
fai_3,NEUTRAL
fai_2,NEUTRAL
com_3,AGREE
