Prolific ID,60c620563db55cd06f3772fa
988,DROPOUT,DROPOUT,1694416417.5107772,1694416418.9554687,1694416428.0667112
266,GRADUATE,GRADUATE,1694416467.4518209,1694416468.7190504,1694416494.07293
648,GRADUATE,GRADUATE,1694416550.766928,1694416551.846321,1694416564.7570522
2883,GRADUATE,GRADUATE,1694416593.7259173,1694416595.0299442,1694416627.157258
3053,GRADUATE,GRADUATE,1694416665.95203,1694416667.9539196,1694416701.338944
1576,DROPOUT,DROPOUT,1694416777.1185741,1694416778.6184268,1694416814.143049
4096,GRADUATE,GRADUATE,1694416870.3156672,1694416872.1022189,1694416904.8460112
131,GRADUATE,GRADUATE,1694416964.5343277,1694416965.7177594,1694417006.9462886
3920,GRADUATE,DROPOUT,1694417035.835558,1694417037.6152704,1694417056.231008
3232,GRADUATE,GRADUATE,1694417117.1864855,1694417118.286727,1694417123.2548547
2791,GRADUATE,GRADUATE,1694417149.607983,1694417151.0912514,1694417156.1309578
2781,DROPOUT,DROPOUT,1694417175.4671228,1694417176.7106364,1694417182.2904913
3214,GRADUATE,GRADUATE,1694417201.238798,1694417202.5828495,1694417205.6870792
2537,GRADUATE,GRADUATE,1694417224.3994823,1694417225.7187333,1694417230.4719687
3575,GRADUATE,GRADUATE,1694417247.2785661,1694417248.586887,1694417261.3561485
2,YES,Through search engines, and social media apps
3,13
know,NEUTRAL
fai_4,AGREE
fai_1,AGREE
rel_1,NEUTRAL
com_5,AGREE
fai_5,STRONGLY AGREE
rel_2,AGREE
com_2,AGREE
fai_2,DISAGREE
com_3,NEUTRAL
com_1,AGREE
fai_3,AGREE
rel_5,AGREE
