Prolific ID,5ea75e1b76be5a12b5b86e50
2537,GRADUATE,GRADUATE,1694416895.013921,1694416895.5512764,1694416919.8890026
3920,GRADUATE,DROPOUT,1694416939.10508,1694416948.0190039,1694416969.3688278
648,GRADUATE,GRADUATE,1694416979.6971457,1694416981.573816,1694416988.497061
3232,GRADUATE,GRADUATE,1694416999.7920103,1694417000.6588671,1694417010.3605666
1576,DROPOUT,DROPOUT,1694417166.3799095,1694417167.3503063,1694417173.900953
988,GRADUATE,GRADUATE,1694417194.8478472,1694417195.6443505,1694417211.6193497
3214,DROPOUT,GRADUATE,1694417242.6973162,1694417245.0150595,1694417258.257671
4096,GRADUATE,GRADUATE,1694417270.8480952,1694417271.5894945,1694417289.6010003
266,GRADUATE,GRADUATE,1694417308.8890977,1694417312.9874337,1694417317.38556
2883,DROPOUT,GRADUATE,1694417324.8930306,1694417325.6094549,1694417340.0994904
3053,GRADUATE,GRADUATE,1694417346.151569,1694417351.2558472,1694417357.8040795
2791,GRADUATE,GRADUATE,1694417373.7052503,1694417375.7197373,1694417381.8722475
131,GRADUATE,GRADUATE,1694417526.173401,1694417526.7357092,1694417531.0239353
3575,GRADUATE,GRADUATE,1694417537.0226429,1694417537.8760343,1694417547.8798342
2781,GRADUATE,DROPOUT,1694417559.6290584,1694417560.1670628,1694417572.1100924
2,NO,
3,15
know,NEUTRAL
fai_3,AGREE
com_3,NEUTRAL
fai_4,DISAGREE
fai_1,DISAGREE
com_2,DISAGREE
com_5,AGREE
com_1,NEUTRAL
rel_1,DISAGREE
fai_2,AGREE
rel_5,NEUTRAL
fai_5,DISAGREE
rel_2,AGREE
