Prolific ID,5c2b3e5c2c45d4000149eaa9
2537,GRADUATE,GRADUATE,1694436201.0770812,1694436202.8010893,1694436229.6211913
3053,DROPOUT,DROPOUT,1694436253.6784968,1694436254.3259366,1694436279.8029053
648,GRADUATE,GRADUATE,1694436300.4444313,1694436301.1167827,1694436303.3975475
4096,GRADUATE,DROPOUT,1694436328.825291,1694436329.353617,1694436337.0910447
3214,GRADUATE,GRADUATE,1694436363.6020453,1694436364.2708926,1694436367.2467766
2781,DROPOUT,DROPOUT,1694436379.29981,1694436379.778595,1694436381.3354433
2791,GRADUATE,GRADUATE,1694436386.5174356,1694436387.103608,1694436388.2476687
131,GRADUATE,GRADUATE,1694436394.3866773,1694436394.9702914,1694436396.1136994
2883,GRADUATE,GRADUATE,1694436400.2194295,1694436400.678237,1694436401.7497966
1576,DROPOUT,DROPOUT,1694436427.566621,1694436428.0547132,1694436429.4661865
3920,GRADUATE,GRADUATE,1694436435.5540233,1694436436.1601293,1694436446.8956044
3232,GRADUATE,GRADUATE,1694436450.3314493,1694436451.3665483,1694436452.6243262
3575,GRADUATE,DROPOUT,1694436455.4424915,1694436459.7702303,1694436470.340935
988,GRADUATE,GRADUATE,1694436479.06732,1694436479.967062,1694436507.2788663
266,DROPOUT,GRADUATE,1694436517.0487928,1694436517.4421623,1694437273.7194643
2,YES,by hearsay
3,5
know,NEUTRAL
com_3,NEUTRAL
com_2,DISAGREE
rel_1,AGREE
fai_5,NEUTRAL
fai_1,AGREE
com_1,NEUTRAL
com_5,NEUTRAL
rel_5,NEUTRAL
fai_2,AGREE
rel_2,NEUTRAL
fai_4,NEUTRAL
fai_3,NEUTRAL
