Prolific ID,611bf41079ffca32db5a3080
2781,DROPOUT,DROPOUT,1694415892.6133816,1694415896.2987952,1694415907.1762483
2537,GRADUATE,GRADUATE,1694415973.0875223,1694415974.9286497,1694415982.622102
2791,GRADUATE,GRADUATE,1694416033.243505,1694416034.9364398,1694416041.8506386
3575,GRADUATE,DROPOUT,1694416084.2088904,1694416085.4903047,1694416123.1231546
4096,GRADUATE,DROPOUT,1694416160.1438067,1694416161.2751198,1694416180.9886925
131,GRADUATE,GRADUATE,1694416251.4282892,1694416252.4801354,1694416261.015837
3053,DROPOUT,DROPOUT,1694416330.9089692,1694416332.829107,1694416342.2451599
988,GRADUATE,GRADUATE,1694416418.6374807,1694416419.9399676,1694416431.6364324
266,GRADUATE,GRADUATE,1694416465.861412,1694416467.154555,1694416469.714263
3232,DROPOUT,DROPOUT,1694416514.1614063,1694416515.4007359,1694416530.5137973
1576,DROPOUT,DROPOUT,1694416568.3268626,1694416569.3057497,1694416575.7579436
648,DROPOUT,GRADUATE,1694416624.7767775,1694416625.792135,1694416631.726417
2883,DROPOUT,GRADUATE,1694416672.6503973,1694416674.3790479,1694416688.2962139
3214,GRADUATE,GRADUATE,1694416726.3007314,1694416727.3622222,1694416731.5944383
3920,DROPOUT,DROPOUT,1694416770.1308126,1694416771.0503523,1694416773.53985
2,YES,i frequently use it at my workplace.
3,13
know,NEUTRAL
fai_3,NEUTRAL
rel_1,AGREE
fai_4,DISAGREE
fai_2,AGREE
com_1,AGREE
rel_5,STRONGLY AGREE
fai_5,AGREE
com_5,STRONGLY AGREE
com_2,STRONGLY AGREE
rel_2,DISAGREE
fai_1,NEUTRAL
com_3,AGREE
