Prolific ID,5d0e2a06facd7500197a46e3
2883,GRADUATE,GRADUATE,1694436230.2848017,1694436231.0838766,1694436240.0315511
2791,DROPOUT,DROPOUT,1694436254.508869,1694436255.169081,1694436261.2404828
266,GRADUATE,GRADUATE,1694436275.095019,1694436278.4147706,1694436283.1870635
3053,DROPOUT,DROPOUT,1694436300.4471245,1694436300.9809363,1694436305.4533093
648,GRADUATE,GRADUATE,1694436323.9786983,1694436324.607668,1694436328.0492613
4096,DROPOUT,DROPOUT,1694436342.2476842,1694436343.3797956,1694436346.2691967
131,GRADUATE,GRADUATE,1694436355.743351,1694436356.0860512,1694436359.3790162
1576,DROPOUT,DROPOUT,1694436369.0139172,1694436369.3635476,1694436374.2623577
3575,GRADUATE,GRADUATE,1694436382.6969316,1694436383.2516656,1694436389.1284628
3214,GRADUATE,GRADUATE,1694436409.3664742,1694436409.9206498,1694436412.892236
3920,GRADUATE,DROPOUT,1694436419.5955245,1694436420.037893,1694436425.6415298
3232,GRADUATE,GRADUATE,1694436431.4842658,1694436431.8228102,1694436435.164659
2537,GRADUATE,GRADUATE,1694436445.6451836,1694436445.890125,1694436446.9727046
2781,DROPOUT,DROPOUT,1694436462.378495,1694436462.928191,1694436464.6598835
988,GRADUATE,GRADUATE,1694436473.7230303,1694436474.1420038,1694436479.8244324
2,YES,Through videogames and YouTube videos.
3,8
know,AGREE
com_2,AGREE
fai_4,NEUTRAL
com_3,AGREE
com_5,AGREE
fai_5,AGREE
fai_3,AGREE
fai_1,AGREE
rel_1,NEUTRAL
fai_2,DISAGREE
com_1,DISAGREE
rel_2,AGREE
rel_5,STRONGLY AGREE
