Prolific ID,64e8de5edaead7b68f61e89e
988,GRADUATE,GRADUATE,1694436242.9389231,1694436244.2629542,1694436259.6371737
2781,DROPOUT,DROPOUT,1694436270.8386495,1694436272.1179705,1694436284.932842
4096,GRADUATE,DROPOUT,1694436417.7038748,1694436419.1667454,1694436425.97561
3232,DROPOUT,GRADUATE,1694436444.7997246,1694436445.7214754,1694436452.0361564
648,GRADUATE,GRADUATE,1694436464.9521797,1694436466.0636206,1694436468.0557008
1576,DROPOUT,DROPOUT,1694436475.3531928,1694436476.3524787,1694436478.6966994
2883,DROPOUT,DROPOUT,1694436481.8722725,1694436484.4344146,1694436487.3921342
2791,GRADUATE,GRADUATE,1694436496.8315735,1694436497.9928982,1694436499.8881464
3053,GRADUATE,GRADUATE,1694436506.754049,1694436507.8751512,1694436510.1285431
131,DROPOUT,GRADUATE,1694436520.8347776,1694436522.1270483,1694436525.1522715
3920,DROPOUT,DROPOUT,1694436530.9092197,1694436532.6885824,1694436534.440681
3575,GRADUATE,GRADUATE,1694436538.4619436,1694436539.7391186,1694436542.8531094
2537,GRADUATE,GRADUATE,1694436548.2549634,1694436549.5227516,1694436551.2640455
3214,GRADUATE,GRADUATE,1694436559.3956876,1694436561.6211357,1694436563.4764314
266,GRADUATE,GRADUATE,1694436571.0056112,1694436572.2393553,1694436576.1439526
2,YES,Chat GPT, Bard - it helps me with SEO
3,8
know,NEUTRAL
fai_5,NEUTRAL
fai_1,NEUTRAL
fai_3,NEUTRAL
fai_2,DISAGREE
com_3,NEUTRAL
rel_1,AGREE
com_5,AGREE
rel_2,AGREE
com_1,NEUTRAL
com_2,NEUTRAL
rel_5,NEUTRAL
fai_4,DISAGREE
