Prolific ID,603ce82991e3f8aed1ffc327
3920,GRADUATE,DROPOUT,1694436224.6862965,1694436315.2902257,1694436343.5949392
2781,DROPOUT,DROPOUT,1694436352.1810265,1694436352.7145355,1694436361.28279
266,GRADUATE,GRADUATE,1694436371.5739753,1694436372.3626685,1694436376.346977
3053,DROPOUT,DROPOUT,1694436384.559187,1694436385.1136527,1694436398.5079966
2791,GRADUATE,GRADUATE,1694436412.8070278,1694436420.0239673,1694436422.8118098
1576,DROPOUT,DROPOUT,1694436427.9823613,1694436428.5714874,1694436429.9642332
1576,DROPOUT,DROPOUT,1694436427.9823613,1694436428.5714874,1694436430.0561175
988,DROPOUT,DROPOUT,1694436434.5262856,1694436434.907881,1694436436.4769213
2883,DROPOUT,DROPOUT,1694436440.0389798,1694436440.4443405,1694436444.7082164
131,DROPOUT,GRADUATE,1694436450.03162,1694436450.424695,1694436462.1570342
3214,GRADUATE,GRADUATE,1694436466.7525277,1694436467.2217507,1694436473.437095
648,DROPOUT,DROPOUT,1694436480.057121,1694436481.677784,1694436487.7407029
3575,GRADUATE,DROPOUT,1694436492.1839945,1694436492.7649806,1694436512.7661457
4096,GRADUATE,GRADUATE,1694436521.3137157,1694436521.7983751,1694436549.0494084
4096,GRADUATE,GRADUATE,1694436521.3137157,1694436521.7983751,1694436549.1440322
2,NO,
3,12
know,AGREE
fai_5,AGREE
fai_3,AGREE
com_2,AGREE
rel_1,DISAGREE
fai_2,AGREE
rel_5,AGREE
com_3,AGREE
fai_1,DISAGREE
rel_2,AGREE
com_5,AGREE
com_1,AGREE
fai_4,DISAGREE
