Prolific ID,60fd249c552db1813b4a9c1a
3920,GRADUATE,GRADUATE,1694436304.4736285,1694436306.7127988,1694436336.8180556
2537,GRADUATE,GRADUATE,1694436359.3114586,1694436360.1406255,1694436362.5853739
4096,GRADUATE,GRADUATE,1694436374.9124491,1694436375.7341669,1694436381.550542
3232,DROPOUT,GRADUATE,1694436414.589003,1694436415.5958352,1694436423.1020644
3575,GRADUATE,GRADUATE,1694436442.2308922,1694436442.7910767,1694436452.2266543
2883,GRADUATE,GRADUATE,1694436467.308408,1694436468.2480903,1694436471.379395
2781,DROPOUT,DROPOUT,1694436488.7546895,1694436489.781565,1694436491.9897957
1576,GRADUATE,DROPOUT,1694436523.9812152,1694436524.598354,1694436531.083061
988,GRADUATE,GRADUATE,1694436545.808504,1694436547.4825513,1694436564.3198247
131,GRADUATE,GRADUATE,1694436578.5444262,1694436579.085653,1694436581.1477373
266,GRADUATE,GRADUATE,1694436592.9375677,1694436594.1957898,1694436596.2314668
3053,GRADUATE,GRADUATE,1694436604.2734778,1694436605.314457,1694436607.329563
2791,GRADUATE,GRADUATE,1694436616.8527224,1694436617.8371754,1694436620.4738452
3214,GRADUATE,GRADUATE,1694436630.4658546,1694436631.581152,1694436634.464469
648,GRADUATE,GRADUATE,1694436647.939561,1694436648.9612272,1694436650.8598723
2,YES,chat gpt and ai chat bots that companies use for customer service
3,20
know,AGREE
fai_5,AGREE
com_5,AGREE
rel_1,NEUTRAL
com_1,AGREE
com_3,NEUTRAL
fai_1,DISAGREE
fai_3,NEUTRAL
rel_2,AGREE
com_2,NEUTRAL
rel_5,AGREE
fai_4,NEUTRAL
fai_2,DISAGREE
