Prolific ID,6018104f6a788baf8df05e3f
3214,GRADUATE,GRADUATE,1694436291.5811315,1694436295.2186706,1694436299.983205
4096,GRADUATE,GRADUATE,1694436328.1952298,1694436328.7470608,1694436363.2515037
266,GRADUATE,GRADUATE,1694436372.620961,1694436388.8905797,1694436391.0950987
3053,DROPOUT,GRADUATE,1694436413.1869369,1694436413.731147,1694436456.3767374
2781,DROPOUT,DROPOUT,1694436465.777035,1694436478.9846091,1694436482.4528756
131,GRADUATE,GRADUATE,1694436501.6497972,1694436502.3346093,1694436504.1535504
3575,GRADUATE,GRADUATE,1694436515.8659172,1694436516.4012384,1694436532.394792
648,DROPOUT,DROPOUT,1694436548.7198277,1694436550.129851,1694436592.9237962
1576,DROPOUT,DROPOUT,1694436606.5678065,1694436607.4053051,1694436609.4020393
2537,GRADUATE,GRADUATE,1694436632.2805629,1694436633.1382096,1694436634.858261
3232,DROPOUT,DROPOUT,1694436651.6059797,1694436652.3540654,1694436671.7387385
988,DROPOUT,DROPOUT,1694436685.78936,1694436691.3083668,1694436693.6770003
2883,GRADUATE,GRADUATE,1694436706.863435,1694436707.8387887,1694436715.5400383
2791,GRADUATE,GRADUATE,1694436731.4076962,1694436732.146143,1694436733.4567654
3920,DROPOUT,DROPOUT,1694436767.7281938,1694436768.3083942,1694436770.1640139
2,YES,I use it sometimes for college assignments
3,10
know,NEUTRAL
fai_2,DISAGREE
fai_5,NEUTRAL
rel_2,DISAGREE
com_5,AGREE
com_1,STRONGLY AGREE
com_3,AGREE
fai_1,AGREE
rel_1,AGREE
rel_5,AGREE
com_2,AGREE
fai_3,STRONGLY AGREE
fai_4,NEUTRAL
