Prolific ID,5f84a8fac99e281425c14cc0
131,GRADUATE,GRADUATE,1694436397.2009141,1694436461.9335678,1694436466.8441136
988,GRADUATE,GRADUATE,1694436469.7524843,1694436470.4291792,1694436471.8967714
3053,GRADUATE,GRADUATE,1694436472.8730059,1694436473.5073335,1694436474.7362905
3920,DROPOUT,DROPOUT,1694436475.5684097,1694436476.073461,1694436477.2727153
3575,GRADUATE,GRADUATE,1694436478.2930903,1694436478.6790285,1694436480.0465713
1576,DROPOUT,DROPOUT,1694436497.744355,1694436498.1787279,1694436499.5105877
3232,GRADUATE,GRADUATE,1694436500.5126193,1694436500.9524405,1694436502.4155092
266,GRADUATE,GRADUATE,1694436503.5815904,1694436503.993398,1694436504.950701
2791,DROPOUT,DROPOUT,1694436505.7731564,1694436506.1032314,1694436507.1131907
2537,GRADUATE,GRADUATE,1694436508.2129939,1694436508.7727063,1694436509.8593674
648,DROPOUT,DROPOUT,1694436510.7526307,1694436511.3950045,1694436512.553158
2883,DROPOUT,DROPOUT,1694436513.2729733,1694436513.833247,1694436514.8329363
2781,DROPOUT,DROPOUT,1694436515.772903,1694436516.0815403,1694436517.2327938
4096,GRADUATE,GRADUATE,1694436522.7029526,1694436523.0324728,1694436543.4470387
3214,DROPOUT,GRADUATE,1694436544.7341008,1694436545.0172997,1694436547.1242204
2,NO,
3,10
know,STRONGLY AGREE
com_2,AGREE
rel_5,AGREE
fai_3,AGREE
fai_5,STRONGLY AGREE
fai_4,DISAGREE
fai_2,AGREE
rel_2,AGREE
rel_1,DISAGREE
fai_1,AGREE
com_5,STRONGLY DISAGREE
com_3,AGREE
com_1,AGREE
