Prolific ID,60cb3a3e82065e2f9dcdd8e7
2791,GRADUATE,GRADUATE,1694436875.657173,1694436877.924476,1694436903.9954743
3575,GRADUATE,GRADUATE,1694436961.6776147,1694436963.1166413,1694436986.1348162
2883,DROPOUT,DROPOUT,1694437015.6369612,1694437016.8542347,1694437022.9643645
988,DROPOUT,DROPOUT,1694437037.9372776,1694437038.6638873,1694437045.9780877
3920,DROPOUT,DROPOUT,1694437054.6345894,1694437055.6199083,1694437058.336833
3053,DROPOUT,GRADUATE,1694437072.1163423,1694437072.904286,1694437097.6796129
4096,GRADUATE,DROPOUT,1694437102.6191435,1694437103.3341134,1694437121.2691195
648,GRADUATE,GRADUATE,1694437136.9420772,1694437138.1166732,1694437142.5692685
3232,GRADUATE,GRADUATE,1694437158.9840589,1694437159.5963697,1694437162.259618
131,GRADUATE,GRADUATE,1694437175.4994736,1694437176.0647595,1694437178.5967524
3214,GRADUATE,GRADUATE,1694437187.6566656,1694437188.3040478,1694437192.4965653
1576,DROPOUT,DROPOUT,1694437212.3566477,1694437212.9942358,1694437218.4048188
2781,DROPOUT,DROPOUT,1694437227.420692,1694437228.5247025,1694437231.1342783
266,GRADUATE,GRADUATE,1694437241.8369596,1694437242.864486,1694437245.2372162
2537,GRADUATE,GRADUATE,1694437266.107608,1694437267.5377574,1694437269.1008515
2,YES,I use it frequently when studying and making notes on Notion.
3,11
know,STRONGLY AGREE
com_5,STRONGLY AGREE
com_1,AGREE
fai_1,AGREE
fai_4,DISAGREE
rel_1,AGREE
fai_3,AGREE
fai_2,AGREE
rel_5,AGREE
com_3,STRONGLY DISAGREE
com_2,AGREE
rel_2,AGREE
fai_5,AGREE
