Prolific ID,60db17c94bfd0c306f2af90b
266,DROPOUT,GRADUATE,1694465253.2825184,1694465254.2904332,1694465276.0563738
648,DROPOUT,DROPOUT,1694465305.4518766,1694465306.2999845,1694465314.6871357
3920,GRADUATE,DROPOUT,1694465344.707593,1694465345.6560276,1694465352.7494686
3053,GRADUATE,GRADUATE,1694465391.851834,1694465392.5880141,1694465401.2885146
3575,GRADUATE,GRADUATE,1694465416.9100304,1694465417.532519,1694465423.2192867
2883,GRADUATE,GRADUATE,1694465442.6470652,1694465443.4089174,1694465448.4928749
4096,DROPOUT,DROPOUT,1694465465.0647216,1694465465.858599,1694465472.318868
2791,GRADUATE,GRADUATE,1694465489.4805553,1694465490.0910907,1694465495.6212864
3232,GRADUATE,GRADUATE,1694465508.0488908,1694465508.9472623,1694465512.1015131
131,GRADUATE,GRADUATE,1694465525.2812514,1694465526.040268,1694465528.316004
2781,GRADUATE,DROPOUT,1694465542.429221,1694465542.8622837,1694465551.5250971
2537,GRADUATE,GRADUATE,1694465567.8679736,1694465568.7153609,1694465570.8859787
988,GRADUATE,GRADUATE,1694465581.794421,1694465582.4512112,1694465589.5486927
1576,GRADUATE,DROPOUT,1694465601.863111,1694465602.3679311,1694465609.8012078
3214,GRADUATE,GRADUATE,1694465626.4016404,1694465626.9601865,1694465633.381426
2,NO,
3,10
know,AGREE
rel_5,AGREE
fai_5,DISAGREE
fai_3,DISAGREE
com_5,NEUTRAL
fai_2,DISAGREE
com_1,DISAGREE
com_3,DISAGREE
com_2,AGREE
fai_1,AGREE
fai_4,NEUTRAL
rel_2,AGREE
rel_1,AGREE
