Prolific ID,6079f514cefb222b83b00af3
2791,GRADUATE,GRADUATE,1694465302.6758804,1694465304.6425776,1694465312.1512082
3214,GRADUATE,GRADUATE,1694465333.5062828,1694465334.2356164,1694465345.7430162
4096,DROPOUT,DROPOUT,1694465366.1331031,1694465366.85762,1694465372.974219
3053,GRADUATE,GRADUATE,1694465399.2900255,1694465399.9891615,1694465402.243117
3920,GRADUATE,GRADUATE,1694465412.015764,1694465412.7534156,1694465415.0182946
1576,DROPOUT,DROPOUT,1694465423.5936992,1694465424.2019904,1694465427.1935658
2781,DROPOUT,DROPOUT,1694465435.5234168,1694465436.011336,1694465443.9336848
2883,DROPOUT,GRADUATE,1694465451.7611158,1694465452.3654692,1694465457.6024792
266,GRADUATE,GRADUATE,1694465479.5903747,1694465481.392422,1694465484.7743986
2537,GRADUATE,GRADUATE,1694465502.4657955,1694465503.0974936,1694465505.5524213
988,GRADUATE,GRADUATE,1694465511.1440248,1694465511.9996638,1694465518.2902145
648,DROPOUT,GRADUATE,1694465531.0646138,1694465531.6609225,1694465534.3654306
3575,GRADUATE,DROPOUT,1694465547.033484,1694465547.7534776,1694465550.1726735
131,DROPOUT,GRADUATE,1694465555.872527,1694465556.4667988,1694465566.435551
3232,DROPOUT,GRADUATE,1694465580.0617075,1694465580.5598643,1694465582.7321832
2,NO,
3,9
know,AGREE
fai_2,AGREE
com_2,AGREE
rel_1,NEUTRAL
rel_5,AGREE
rel_2,AGREE
fai_3,STRONGLY AGREE
fai_5,AGREE
com_1,NEUTRAL
fai_1,AGREE
fai_4,AGREE
com_5,NEUTRAL
com_3,AGREE
