Prolific ID,5f9728620ba3c60aaac0f1f4
3053,GRADUATE,GRADUATE,1694465282.607008,1694465285.7728214,1694465298.7298057
3575,GRADUATE,DROPOUT,1694465315.9115992,1694465317.3089068,1694465321.6865263
988,DROPOUT,DROPOUT,1694465347.2889612,1694465348.6307187,1694465351.4545753
2781,GRADUATE,GRADUATE,1694465380.6288583,1694465381.3889782,1694465386.5118585
2791,GRADUATE,GRADUATE,1694465391.59102,1694465393.1729755,1694465394.6706877
2883,DROPOUT,GRADUATE,1694465401.5362246,1694465403.2835743,1694465411.4804955
266,GRADUATE,GRADUATE,1694465417.697283,1694465422.7625968,1694465425.8240163
4096,GRADUATE,GRADUATE,1694465477.7973979,1694465478.352757,1694465482.954835
648,GRADUATE,GRADUATE,1694465497.1927004,1694465497.7913537,1694465502.302496
131,GRADUATE,GRADUATE,1694465511.0512702,1694465511.905969,1694465513.1228018
3214,GRADUATE,GRADUATE,1694465522.256469,1694465523.2865303,1694465527.3530772
1576,GRADUATE,GRADUATE,1694465538.345601,1694465538.9309814,1694465546.0517318
2537,GRADUATE,GRADUATE,1694465548.0245106,1694465552.7936857,1694465553.7929544
3232,GRADUATE,GRADUATE,1694465561.682657,1694465562.4811277,1694465564.555969
3920,DROPOUT,DROPOUT,1694465572.7330277,1694465573.2539582,1694465574.8865764
2,YES,Sometimes I use Chatgpt to help me with some sort of inspiration to write texts.
3,12
know,AGREE
com_5,NEUTRAL
fai_5,AGREE
rel_1,AGREE
com_1,NEUTRAL
rel_2,STRONGLY DISAGREE
fai_3,DISAGREE
fai_1,DISAGREE
fai_2,NEUTRAL
com_2,NEUTRAL
rel_5,NEUTRAL
fai_4,DISAGREE
com_3,NEUTRAL
