Prolific ID,5bd4944a72eb1f0001efb198
3232,DROPOUT,DROPOUT,1694416016.2268672,1694416018.0502796,1694416070.7326195
2883,GRADUATE,GRADUATE,1694416150.6611252,1694416151.7696393,1694416170.6195142
2791,GRADUATE,GRADUATE,1694416220.5981107,1694416221.4113348,1694416236.2836432
3920,DROPOUT,DROPOUT,1694416294.5179517,1694416295.7638216,1694416303.1730764
648,GRADUATE,GRADUATE,1694416351.2009776,1694416351.8741148,1694416359.5556612
988,DROPOUT,DROPOUT,1694416396.5920765,1694416397.6766233,1694416414.2523432
3575,GRADUATE,GRADUATE,1694416438.7418842,1694416439.468797,1694416451.4361846
2781,DROPOUT,DROPOUT,1694416486.4283292,1694416486.9964342,1694416493.98753
4096,GRADUATE,GRADUATE,1694416528.6028166,1694416529.3976443,1694416533.4692764
131,GRADUATE,GRADUATE,1694416563.1656404,1694416563.761369,1694416573.3269103
266,GRADUATE,GRADUATE,1694416597.1463065,1694416599.7914464,1694416607.6504676
3053,GRADUATE,GRADUATE,1694416640.657076,1694416641.2371438,1694416644.222444
1576,GRADUATE,GRADUATE,1694416667.244923,1694416667.8888302,1694416681.7292275
2537,GRADUATE,GRADUATE,1694416712.0833259,1694416716.9296336,1694416720.8611267
3214,GRADUATE,GRADUATE,1694416734.57992,1694416735.8524134,1694416747.4028986
2,YES,I used chatgpt a lot, as well of other ai tools, like stable diffusion
3,0
know,AGREE
com_2,DISAGREE
com_3,DISAGREE
fai_4,STRONGLY DISAGREE
rel_1,DISAGREE
rel_2,STRONGLY DISAGREE
fai_2,STRONGLY DISAGREE
fai_1,STRONGLY DISAGREE
com_1,DISAGREE
fai_3,DISAGREE
fai_5,STRONGLY DISAGREE
com_5,DISAGREE
rel_5,STRONGLY DISAGREE
