Prolific ID,605d56dccec395886e04ec4b
266,GRADUATE,GRADUATE,1694465409.6012998,1694465412.8446481,1694465430.7427778
3920,DROPOUT,DROPOUT,1694465466.2930865,1694465467.8511055,1694465475.150778
2537,GRADUATE,GRADUATE,1694465925.2952895,1694465926.6578317,1694465930.7950456
1576,DROPOUT,DROPOUT,1694465957.2133503,1694465958.5161443,1694465965.005163
4096,DROPOUT,GRADUATE,1694466011.842412,1694466012.9734504,1694466017.5825615
2791,DROPOUT,DROPOUT,1694466054.5767503,1694466055.8367314,1694466059.7246
3053,DROPOUT,GRADUATE,1694466123.1755183,1694466124.3191853,1694466129.0683522
648,GRADUATE,GRADUATE,1694466138.1395845,1694466140.29892,1694466142.763278
2781,DROPOUT,DROPOUT,1694466210.904642,1694466211.3981457,1694466217.1466532
131,DROPOUT,DROPOUT,1694466226.3804991,1694466227.6090708,1694466229.8817027
3232,DROPOUT,GRADUATE,1694466311.9982154,1694466312.5540953,1694466315.1736915
3214,GRADUATE,GRADUATE,1694466378.4511435,1694466379.6446176,1694466384.2982795
988,GRADUATE,GRADUATE,1694466388.8122108,1694466390.9070144,1694466393.7870307
3575,GRADUATE,GRADUATE,1694466408.725353,1694466409.575183,1694466412.358402
2883,DROPOUT,GRADUATE,1694466816.071795,1694466818.3209517,1694466821.9418812
2,NO,
3,9
know,AGREE
rel_5,STRONGLY AGREE
com_1,NEUTRAL
fai_5,AGREE
com_5,AGREE
rel_1,DISAGREE
fai_1,STRONGLY AGREE
fai_4,AGREE
fai_3,AGREE
fai_2,STRONGLY AGREE
com_2,NEUTRAL
rel_2,AGREE
com_3,AGREE
