Prolific ID,5ca1219cb8bd89001224e1d8
131,DROPOUT,GRADUATE,1694465459.7939997,1694465462.7821064,1694465492.9102445
2883,GRADUATE,GRADUATE,1694465598.0479412,1694465598.6298318,1694465641.9311316
3575,GRADUATE,DROPOUT,1694465676.7502968,1694465677.5412936,1694465758.377036
3214,GRADUATE,GRADUATE,1694465805.213558,1694465805.6006954,1694465826.1838963
648,DROPOUT,GRADUATE,1694465870.1726713,1694465870.5754943,1694465921.7081368
1576,DROPOUT,DROPOUT,1694466057.8528564,1694466058.1668005,1694466066.890436
3053,GRADUATE,GRADUATE,1694466097.4615963,1694466106.6414835,1694466118.9036245
4096,GRADUATE,GRADUATE,1694466187.1813266,1694466187.499501,1694466204.3981671
3232,GRADUATE,GRADUATE,1694466258.4617012,1694466259.7221644,1694466273.6289945
266,GRADUATE,GRADUATE,1694466292.9635074,1694466297.7415776,1694466301.7214334
3920,DROPOUT,DROPOUT,1694466328.7701159,1694466329.058556,1694466336.5698206
2537,GRADUATE,GRADUATE,1694466386.7461722,1694466388.7062595,1694466390.308395
2791,GRADUATE,GRADUATE,1694466416.2982447,1694466416.7220037,1694466418.2359548
2781,DROPOUT,DROPOUT,1694466431.1334362,1694466433.6621218,1694466437.053252
988,DROPOUT,DROPOUT,1694466456.1400533,1694466456.4251506,1694466457.7315993
2,YES,chat gpt and other equivalent ai tools
3,5
know,AGREE
rel_2,STRONGLY AGREE
fai_5,NEUTRAL
fai_1,NEUTRAL
com_2,AGREE
fai_3,NEUTRAL
rel_1,DISAGREE
fai_2,NEUTRAL
com_5,AGREE
rel_5,NEUTRAL
com_3,AGREE
fai_4,DISAGREE
com_1,AGREE
