Prolific ID,5f3d7b3310ad88134a27f2c7
4096,GRADUATE,GRADUATE,1694465535.5914595,1694465538.7627952,1694465552.641093
266,GRADUATE,GRADUATE,1694465925.4533317,1694465926.349204,1694465936.8696237
648,GRADUATE,GRADUATE,1694465994.5349975,1694465995.4693396,1694466001.2298937
648,GRADUATE,GRADUATE,1694465994.5349975,1694465995.4693396,1694466001.3361554
2791,DROPOUT,DROPOUT,1694466028.6547267,1694466029.9025252,1694466035.1830752
3920,DROPOUT,DROPOUT,1694466061.680485,1694466062.597874,1694466066.5100074
1576,GRADUATE,GRADUATE,1694466091.4165769,1694466102.5831935,1694466104.9846418
2537,GRADUATE,GRADUATE,1694466135.2974567,1694466146.687951,1694466148.839929
988,DROPOUT,DROPOUT,1694466173.7535787,1694466175.5305014,1694466177.854998
3214,GRADUATE,GRADUATE,1694466188.5929592,1694466189.5919962,1694466196.921193
3232,DROPOUT,DROPOUT,1694466229.7530854,1694466230.9310834,1694466235.9016047
3575,GRADUATE,GRADUATE,1694466252.3210554,1694466253.2397957,1694466258.3363605
3053,DROPOUT,DROPOUT,1694466298.5535138,1694466299.4891555,1694466302.042869
131,DROPOUT,DROPOUT,1694466334.1232347,1694466334.977687,1694466337.2332973
2883,DROPOUT,GRADUATE,1694466368.3353803,1694466369.3132157,1694466378.1545305
2,NO,
3,12
know,STRONGLY AGREE
fai_2,AGREE
rel_2,AGREE
fai_5,STRONGLY AGREE
com_3,AGREE
fai_4,NEUTRAL
com_1,AGREE
fai_1,AGREE
com_5,NEUTRAL
rel_1,STRONGLY AGREE
com_2,AGREE
fai_3,AGREE
rel_5,AGREE
