Prolific ID,63d173552e25a21cf3a39ea9
4096,GRADUATE,GRADUATE,1694465512.0908377,1694465512.9115474,1694465518.1705117
3214,GRADUATE,GRADUATE,1694465528.4025927,1694465529.050139,1694465531.7886395
1576,DROPOUT,DROPOUT,1694465538.1290822,1694465539.19235,1694465544.3202329
2537,GRADUATE,GRADUATE,1694465548.5918407,1694465549.299102,1694465551.1280096
2791,GRADUATE,GRADUATE,1694465554.336107,1694465555.8586898,1694465557.103079
266,GRADUATE,GRADUATE,1694465559.6000059,1694465560.2372203,1694465561.4993374
2883,DROPOUT,DROPOUT,1694465564.7296507,1694465565.4450197,1694465569.7172694
3053,DROPOUT,DROPOUT,1694465572.6446643,1694465573.0173237,1694465575.164242
648,GRADUATE,GRADUATE,1694465582.584698,1694465583.117006,1694465584.2468724
131,DROPOUT,DROPOUT,1694466693.4179325,1694466694.3379014,1694466696.846764
3920,DROPOUT,DROPOUT,1694466700.625843,1694466701.4197893,1694466703.0645804
3232,DROPOUT,DROPOUT,1694466706.5075157,1694466707.041767,1694466708.127414
3575,GRADUATE,GRADUATE,1694466711.3968828,1694466715.9776504,1694466718.921089
2781,DROPOUT,DROPOUT,1694466721.9904842,1694466722.3734934,1694466724.2318802
988,GRADUATE,GRADUATE,1694466730.4941933,1694466731.373488,1694466732.3138404
2,YES,CHAT BOTS
3,10
know,NEUTRAL
rel_5,AGREE
com_5,AGREE
fai_5,NEUTRAL
fai_2,AGREE
fai_4,AGREE
fai_3,AGREE
rel_2,NEUTRAL
fai_1,AGREE
com_3,AGREE
com_2,AGREE
com_1,AGREE
rel_1,AGREE
