Prolific ID,61577fbbc195adfb13f6c45f
2791,GRADUATE,GRADUATE,1694466040.5621006,1694466042.7031744,1694466064.307362
266,GRADUATE,GRADUATE,1694466154.3108542,1694466156.9605527,1694466169.888084
2537,GRADUATE,GRADUATE,1694466206.3403995,1694466208.1842995,1694466220.7142339
3920,DROPOUT,DROPOUT,1694466253.3501291,1694466255.6975982,1694466273.2305748
4096,DROPOUT,DROPOUT,1694466331.6275434,1694466358.4784243,1694466365.978663
1576,DROPOUT,DROPOUT,1694466389.664784,1694466392.8298802,1694466400.7015038
2781,GRADUATE,DROPOUT,1694466452.3123794,1694466454.5761003,1694466471.9685307
988,GRADUATE,GRADUATE,1694466530.744989,1694466532.38245,1694466541.1486073
3575,GRADUATE,GRADUATE,1694466571.5006936,1694466573.6512973,1694466595.1545627
648,DROPOUT,DROPOUT,1694466661.920327,1694466663.6571417,1694466671.6586637
2883,DROPOUT,DROPOUT,1694466696.333475,1694466697.9646683,1694466717.5228872
131,DROPOUT,GRADUATE,1694466808.5621884,1694466811.4252253,1694466855.0482779
3053,GRADUATE,GRADUATE,1694466905.9386518,1694466907.4885297,1694466915.8746524
3214,GRADUATE,GRADUATE,1694466938.6102698,1694466940.144575,1694466950.2295427
3232,GRADUATE,GRADUATE,1694466982.8795774,1694466984.818977,1694466992.310127
2,NO,
3,10
know,AGREE
fai_2,NEUTRAL
com_3,AGREE
fai_4,DISAGREE
fai_5,NEUTRAL
com_5,AGREE
fai_3,AGREE
rel_5,AGREE
com_2,AGREE
rel_2,NEUTRAL
com_1,NEUTRAL
fai_1,DISAGREE
rel_1,NEUTRAL
