Prolific ID,5db0c396ff30f700136bc805
131,GRADUATE,GRADUATE,1694468255.105533,1694468256.9390707,1694468353.3271775
2781,DROPOUT,DROPOUT,1694468409.9421577,1694468411.0592296,1694468464.6180086
3920,GRADUATE,DROPOUT,1694468522.1919403,1694468523.215781,1694468550.8689456
3214,GRADUATE,GRADUATE,1694468580.0754158,1694468581.265737,1694468597.677246
2537,GRADUATE,GRADUATE,1694468631.828462,1694468632.625802,1694468643.3214037
2791,GRADUATE,GRADUATE,1694468661.938896,1694468662.737899,1694468673.5216763
3232,DROPOUT,DROPOUT,1694468708.3271034,1694468709.1275632,1694468742.0020685
3575,GRADUATE,GRADUATE,1694468760.949107,1694468762.0546584,1694468788.0203042
266,GRADUATE,GRADUATE,1694468820.10203,1694468825.9277358,1694468831.4392257
1576,DROPOUT,DROPOUT,1694468870.3815348,1694468871.0211773,1694468880.7830343
988,DROPOUT,DROPOUT,1694468904.1240082,1694468904.7737505,1694468910.3712301
3053,DROPOUT,DROPOUT,1694468946.0570984,1694468946.6948166,1694469055.6694155
2883,GRADUATE,GRADUATE,1694469076.4772449,1694469077.174294,1694469083.7988877
4096,GRADUATE,GRADUATE,1694469104.7170675,1694469105.4947844,1694469117.2522104
648,GRADUATE,GRADUATE,1694469139.4741848,1694469140.2453382,1694469145.991993
2,YES,I listen to AI covers on youtube daily
3,12
know,NEUTRAL
fai_3,AGREE
com_3,DISAGREE
fai_1,NEUTRAL
rel_5,DISAGREE
rel_2,DISAGREE
fai_2,NEUTRAL
fai_5,DISAGREE
fai_4,DISAGREE
com_1,NEUTRAL
rel_1,DISAGREE
com_5,STRONGLY DISAGREE
com_2,DISAGREE
