Prolific ID,614ee2c8981e84c3a9ada29b
131,GRADUATE,1694416077.7221682,1694416078.6537971
3053,GRADUATE,1694416114.3322327,1694416116.083185
3575,GRADUATE,1694416183.2712963,1694416185.3356612
648,DROPOUT,1694416211.4758432,1694416214.9283917
2791,GRADUATE,1694416221.240746,1694416223.481698
988,DROPOUT,1694416245.5546067,1694416247.2959528
1576,DROPOUT,1694416259.4757745,1694416260.3452501
3214,GRADUATE,1694416268.5440614,1694416269.7398694
4096,DROPOUT,1694416277.1767213,1694416278.3074038
266,GRADUATE,1694416298.3522913,1694416300.5136952
2883,GRADUATE,1694416391.4283814,1694416392.3818161
2781,DROPOUT,1694416406.781996,1694416408.7832787
3920,DROPOUT,1694416422.2117283,1694416423.4775825
3232,DROPOUT,1694416440.3650622,1694416442.2517366
2537,GRADUATE,1694416453.7019608,1694416455.8997927
2,NO,
3,10
know,STRONGLY AGREE
rel_2,AGREE
fai_2,STRONGLY DISAGREE
com_2,AGREE
rel_1,AGREE
fai_5,AGREE
com_1,NEUTRAL
rel_5,AGREE
com_3,NEUTRAL
fai_4,NEUTRAL
fai_3,DISAGREE
fai_1,DISAGREE
com_5,AGREE
