Prolific ID,649da3ed50af5df3e264fe9d
3575,GRADUATE,1694416043.8411133,1694416045.0243585
2883,GRADUATE,1694416095.9404302,1694416097.0151575
3920,GRADUATE,1694416141.9285417,1694416143.024108
3053,GRADUATE,1694416164.9635744,1694416166.0825136
2791,GRADUATE,1694416183.8277118,1694416192.2392893
3214,GRADUATE,1694416208.7273982,1694416209.8398886
266,GRADUATE,1694416214.7121723,1694416227.044515
3232,GRADUATE,1694416269.8617425,1694416270.6534784
2781,DROPOUT,1694416315.3161967,1694416316.015085
648,GRADUATE,1694416331.3414564,1694416332.3713787
988,DROPOUT,1694416334.8114042,1694416355.0204086
131,GRADUATE,1694416367.899429,1694416368.713028
4096,DROPOUT,1694416370.5908833,1694416371.5217123
2537,GRADUATE,1694416390.9781783,1694416393.7587097
1576,DROPOUT,1694416409.381402,1694416410.1087532
2,YES,Its everywhere. Mostly of times with apps from smartphone. Can use Ai for a lot things. But important mention that AI still learning..
3,11
know,AGREE
com_1,NEUTRAL
com_3,AGREE
fai_2,AGREE
fai_3,AGREE
rel_5,AGREE
rel_1,AGREE
rel_2,AGREE
fai_1,AGREE
com_2,AGREE
fai_5,AGREE
fai_4,NEUTRAL
com_5,AGREE
