Prolific ID,616ea07fcb3f9d9971351c39
1576,GRADUATE,1694416098.4821813,1694416125.9622958
2781,DROPOUT,1694416158.7260716,1694416165.0264146
3214,GRADUATE,1694416192.179509,1694416193.7337687
131,DROPOUT,1694416216.685813,1694416218.3625677
3920,GRADUATE,1694416232.4547582,1694416235.253392
648,GRADUATE,1694416278.370376,1694416279.6518488
2883,GRADUATE,1694416291.5436826,1694416296.7387364
3232,GRADUATE,1694416329.9798996,1694416332.933891
3575,GRADUATE,1694416390.893949,1694416394.8116853
2791,DROPOUT,1694416400.8917081,1694416402.8414357
988,GRADUATE,1694416428.7799847,1694416431.392053
266,GRADUATE,1694416454.0520513,1694416457.4874995
2537,GRADUATE,1694416469.7807727,1694416472.4905512
3053,GRADUATE,1694416522.1342666,1694416523.5911546
4096,DROPOUT,1694416527.4637253,1694416530.796674
2,YES,Workplace
3,5
know,AGREE
rel_5,AGREE
fai_2,AGREE
com_5,AGREE
fai_4,AGREE
fai_3,AGREE
rel_2,AGREE
fai_1,AGREE
com_1,AGREE
com_3,NEUTRAL
com_2,AGREE
rel_1,AGREE
fai_5,AGREE
