Prolific ID,60ec0b638c0357cc5aaa7ef9
2781,GRADUATE,1694436292.1791267,1694436329.4302325
131,GRADUATE,1694436357.2850528,1694436364.4203985
648,GRADUATE,1694436385.102802,1694436388.7838185
3214,GRADUATE,1694436416.8311632,1694436418.1768389
988,GRADUATE,1694436437.5760484,1694436438.7675004
266,GRADUATE,1694436480.608192,1694436486.0182989
3920,DROPOUT,1694436497.5705075,1694436499.645908
1576,GRADUATE,1694436518.901285,1694436526.0602136
3053,GRADUATE,1694436543.66571,1694436551.8235397
4096,GRADUATE,1694436557.2668486,1694436564.8511062
3575,GRADUATE,1694436582.453772,1694436584.5065525
2883,GRADUATE,1694436619.0875041,1694436623.2859693
2537,GRADUATE,1694436639.811175,1694436642.5521014
2791,GRADUATE,1694436655.8482487,1694436656.846647
3232,GRADUATE,1694436678.0962098,1694436679.0552642
2,YES,I have come in contact with AI when doing my assignment ( ChatGPT)
3,13
know,AGREE
rel_5,NEUTRAL
rel_2,AGREE
fai_3,DISAGREE
com_3,DISAGREE
fai_1,DISAGREE
fai_5,NEUTRAL
rel_1,DISAGREE
com_2,AGREE
com_1,NEUTRAL
com_5,AGREE
fai_2,DISAGREE
fai_4,STRONGLY DISAGREE
