Prolific ID,61406ea90cf37a9aebf6b585
3214,GRADUATE,1694436958.1910062,1694437014.4570212
2883,DROPOUT,1694437104.3507223,1694437104.9176548
988,GRADUATE,1694437130.23231,1694437150.8457804
2781,DROPOUT,1694437168.1482859,1694437192.6168401
648,GRADUATE,1694437211.6405087,1694437229.5500867
4096,GRADUATE,1694437249.3532538,1694437259.7307785
3575,GRADUATE,1694437326.4442723,1694437327.0303245
266,GRADUATE,1694437362.4483528,1694437364.276078
2791,GRADUATE,1694437374.5714407,1694437375.5066416
3053,GRADUATE,1694437392.2081788,1694437395.2454252
1576,GRADUATE,1694437433.7416763,1694437435.2087414
2537,GRADUATE,1694437448.8415108,1694437452.3558307
3232,GRADUATE,1694437480.0297194,1694437480.4762259
3920,DROPOUT,1694437490.799499,1694437492.137865
131,GRADUATE,1694437502.0435975,1694437504.8345506
2,YES,Internet, Social Media videos and articles
3,12
know,AGREE
rel_1,DISAGREE
com_3,DISAGREE
fai_4,DISAGREE
com_1,DISAGREE
rel_5,DISAGREE
fai_1,DISAGREE
fai_2,NEUTRAL
fai_5,NEUTRAL
fai_3,DISAGREE
rel_2,AGREE
com_2,NEUTRAL
com_5,DISAGREE
