Prolific ID,5cc84366e11d6b001800cc3c
3214,GRADUATE,1694436215.974068,1694436222.5034494
3575,GRADUATE,1694436249.9885166,1694436251.5011976
988,DROPOUT,1694436275.984851,1694436276.748718
2537,GRADUATE,1694436297.1158874,1694436297.6838095
3920,GRADUATE,1694436333.4265046,1694436334.1292233
2781,DROPOUT,1694436350.7548504,1694436351.3204472
1576,GRADUATE,1694436360.3203127,1694436362.812313
648,DROPOUT,1694436371.9501712,1694436381.819606
131,DROPOUT,1694436390.7339942,1694436392.0049043
4096,GRADUATE,1694436405.5974166,1694436406.698176
266,GRADUATE,1694436415.149847,1694436416.1834133
3053,DROPOUT,1694436428.3655584,1694436430.0411093
2883,DROPOUT,1694436438.5576584,1694436439.87068
2791,DROPOUT,1694436449.6244094,1694436450.653951
3232,DROPOUT,1694436472.7840672,1694436473.3010285
2,NO,
3,5
know,STRONGLY AGREE
fai_2,NEUTRAL
rel_2,NEUTRAL
com_2,DISAGREE
com_3,DISAGREE
fai_3,DISAGREE
fai_5,STRONGLY DISAGREE
rel_1,STRONGLY DISAGREE
rel_5,STRONGLY AGREE
com_1,DISAGREE
fai_1,NEUTRAL
com_5,STRONGLY DISAGREE
fai_4,STRONGLY DISAGREE
