Prolific ID,600ef6eb3bed2d01e87ea82e
3214,GRADUATE,1694436230.4081159,1694436265.3790195
2883,GRADUATE,1694436358.7891243,1694436359.2331953
3232,GRADUATE,1694436391.2768407,1694436391.8495653
3920,GRADUATE,1694436415.5982928,1694436428.97716
4096,GRADUATE,1694436466.3162506,1694436466.9216855
266,GRADUATE,1694436482.675057,1694436483.1069038
2791,GRADUATE,1694436493.6835845,1694436494.209895
131,GRADUATE,1694436504.2485447,1694436504.8505952
1576,GRADUATE,1694436522.6131325,1694436526.8623006
648,GRADUATE,1694436537.9960186,1694436540.5663998
3575,DROPOUT,1694436582.7553866,1694436583.2824173
988,GRADUATE,1694436599.4605591,1694436601.3615017
3053,GRADUATE,1694436610.8072762,1694436612.0169907
2781,DROPOUT,1694436629.6828644,1694436630.6808546
2537,GRADUATE,1694436636.955364,1694436638.2332199
2,YES,I use ChatGPT 4 daily.
3,13
know,DISAGREE
rel_1,AGREE
com_2,STRONGLY AGREE
fai_1,AGREE
fai_5,AGREE
fai_2,DISAGREE
rel_5,AGREE
com_5,STRONGLY AGREE
com_1,NEUTRAL
com_3,NEUTRAL
fai_3,NEUTRAL
fai_4,NEUTRAL
rel_2,AGREE
