Prolific ID,5f54e8b489382806cd01c2cb
988,DROPOUT,1694436283.3792107,1694436283.759661
3232,GRADUATE,1694436287.69281,1694436288.1826456
2537,GRADUATE,1694436298.2077155,1694436298.7518246
131,GRADUATE,1694436348.373348,1694436349.073575
2791,GRADUATE,1694436389.216789,1694436390.1020858
2883,GRADUATE,1694436405.0198262,1694436408.24886
266,DROPOUT,1694436436.8185296,1694436437.1156733
1576,DROPOUT,1694436440.6824262,1694436462.2889633
648,GRADUATE,1694436468.465733,1694436468.892635
3575,GRADUATE,1694436477.6761444,1694436477.9563546
2781,DROPOUT,1694436482.5964856,1694436484.3162754
3214,GRADUATE,1694436490.4523418,1694436490.9697356
4096,DROPOUT,1694436494.0209002,1694436494.60713
3920,DROPOUT,1694436511.6690283,1694436515.8766773
3053,GRADUATE,1694436552.685327,1694436553.3218243
2,YES,I needed help at work
3,10
know,NEUTRAL
com_1,NEUTRAL
fai_2,DISAGREE
com_5,AGREE
com_2,NEUTRAL
rel_2,AGREE
rel_1,NEUTRAL
fai_4,DISAGREE
fai_3,NEUTRAL
fai_1,AGREE
rel_5,NEUTRAL
com_3,DISAGREE
fai_5,NEUTRAL
