Prolific ID,612c01a35b9b56e42cd7dc17
131,GRADUATE,1694436463.3758934,1694436481.0919
2791,GRADUATE,1694436517.1348119,1694436518.8039763
4096,GRADUATE,1694436572.0786033,1694436575.6166399
266,GRADUATE,1694436601.061849,1694436602.7294545
3575,DROPOUT,1694436626.53292,1694436628.609913
988,DROPOUT,1694436646.3634667,1694436648.1942117
2883,GRADUATE,1694436672.0829632,1694436674.201089
3232,GRADUATE,1694436686.8756988,1694436688.426875
2537,GRADUATE,1694436708.034985,1694436709.3050675
3053,DROPOUT,1694436740.1558383,1694436741.857305
1576,GRADUATE,1694436753.7633643,1694436755.4530814
3214,GRADUATE,1694436760.8985052,1694436764.2407632
3920,DROPOUT,1694436775.7394235,1694436776.9122853
2781,DROPOUT,1694436799.8495872,1694436801.3440132
648,GRADUATE,1694436817.553307,1694436818.760229
2,YES,A friend told me about it.
3,12
know,DISAGREE
fai_3,AGREE
rel_5,AGREE
rel_2,NEUTRAL
com_2,AGREE
com_1,AGREE
com_3,NEUTRAL
com_5,AGREE
fai_4,DISAGREE
fai_5,STRONGLY AGREE
rel_1,AGREE
fai_1,DISAGREE
fai_2,DISAGREE
