Prolific ID,60faab6f9d9a835ba3b8327f
2537,GRADUATE,1694436500.6071904,1694436502.7969358
1576,GRADUATE,1694436546.8895729,1694436548.8671992
2791,GRADUATE,1694436609.6889045,1694436610.7214754
2883,GRADUATE,1694436647.1489677,1694436654.3301394
131,GRADUATE,1694436687.882049,1694436689.8203645
988,GRADUATE,1694436712.6908298,1694436715.5315838
266,GRADUATE,1694436749.5202386,1694436767.3555908
3214,GRADUATE,1694436793.6644974,1694436795.7445645
3232,GRADUATE,1694436833.5500903,1694436839.1140125
4096,GRADUATE,1694436854.2051842,1694436855.3457122
3053,GRADUATE,1694436877.0528567,1694436878.28229
3920,DROPOUT,1694436893.999366,1694436903.4130015
2781,DROPOUT,1694436910.4354432,1694436915.3364654
3575,GRADUATE,1694436966.9881692,1694436968.09101
648,GRADUATE,1694436982.82036,1694436984.7653754
2,YES,i have used chatGPT
3,8
know,AGREE
com_1,STRONGLY AGREE
rel_5,STRONGLY AGREE
rel_2,STRONGLY AGREE
fai_3,STRONGLY AGREE
fai_5,STRONGLY AGREE
com_2,STRONGLY AGREE
com_3,STRONGLY AGREE
fai_4,STRONGLY AGREE
com_5,STRONGLY AGREE
rel_1,STRONGLY AGREE
fai_1,STRONGLY AGREE
fai_2,STRONGLY AGREE
