Prolific ID,605b45ef5df272b838aa2f66
131,GRADUATE,1694436673.3297083,1694436674.8992906
3053,GRADUATE,1694436745.1556106,1694436746.0398028
988,DROPOUT,1694436906.6428182,1694436908.0895562
2537,GRADUATE,1694436990.8747287,1694436997.2697122
3232,DROPOUT,1694437090.9289587,1694437091.5172455
648,GRADUATE,1694437188.7955363,1694437190.3776956
2781,DROPOUT,1694437252.06411,1694437252.796357
3920,DROPOUT,1694437367.4524868,1694437368.9981732
266,GRADUATE,1694437404.2641697,1694437405.2647243
3214,GRADUATE,1694437433.2386808,1694437434.2778192
2883,GRADUATE,1694437465.1175914,1694437466.8945625
2791,GRADUATE,1694437493.137407,1694437493.96971
1576,DROPOUT,1694437559.1362052,1694437560.0772421
3575,GRADUATE,1694437598.6304257,1694437600.0301862
4096,GRADUATE,1694437625.524542,1694437626.7912476
2,NO,
3,12
know,NEUTRAL
fai_3,DISAGREE
fai_1,NEUTRAL
rel_1,DISAGREE
rel_2,DISAGREE
com_1,NEUTRAL
com_5,AGREE
fai_2,NEUTRAL
fai_5,DISAGREE
fai_4,STRONGLY DISAGREE
rel_5,AGREE
com_3,STRONGLY DISAGREE
com_2,NEUTRAL
