Prolific ID,5f4f5fa9cb9a39000c600ad3
3920,DROPOUT,1694415923.9632332,1694415924.8429546
1576,DROPOUT,1694415954.5077357,1694415956.660937
988,DROPOUT,1694415983.4917922,1694415984.6376612
3214,GRADUATE,1694416012.7494125,1694416013.7276402
3575,GRADUATE,1694416027.1828933,1694416028.1005464
131,GRADUATE,1694416050.253463,1694416051.1104925
2537,GRADUATE,1694416072.9514768,1694416073.5647233
2781,DROPOUT,1694416088.9528651,1694416089.6084268
4096,DROPOUT,1694416104.6714997,1694416105.6615613
2883,GRADUATE,1694416140.0812104,1694416142.489449
648,GRADUATE,1694416208.5960588,1694416209.5049791
3232,GRADUATE,1694416230.1826441,1694416231.1773846
2791,GRADUATE,1694416243.5996609,1694416245.614308
3053,DROPOUT,1694416260.822028,1694416261.4799902
266,GRADUATE,1694416284.051736,1694416288.7051044
2,NO,
3,10
know,AGREE
fai_3,DISAGREE
fai_5,AGREE
com_2,STRONGLY AGREE
rel_5,AGREE
rel_2,NEUTRAL
com_3,AGREE
com_1,NEUTRAL
fai_2,NEUTRAL
fai_1,AGREE
com_5,AGREE
fai_4,NEUTRAL
rel_1,NEUTRAL
