Prolific ID,5d20e62eacb3e5001ae38d05
2537,GRADUATE,1694436895.5870774,1694436896.3285778
3575,DROPOUT,1694436949.9154925,1694436950.6322706
3214,GRADUATE,1694436983.759121,1694437002.1041753
3232,GRADUATE,1694437024.0745535,1694437024.8574631
3920,DROPOUT,1694437052.8348668,1694437053.255869
2791,GRADUATE,1694437098.165867,1694437101.1579084
3053,DROPOUT,1694437132.2471883,1694437132.7757075
1576,DROPOUT,1694437160.5388846,1694437162.1201015
2883,DROPOUT,1694437208.6865807,1694437209.232686
131,GRADUATE,1694437236.9414546,1694437241.6129653
2781,DROPOUT,1694437253.748193,1694437255.5417414
4096,GRADUATE,1694437299.5820682,1694437301.9048338
648,GRADUATE,1694437315.7717283,1694437316.1863155
988,DROPOUT,1694437446.166775,1694437446.7946074
266,GRADUATE,1694437460.8938434,1694437462.1466873
2,YES,I'm interested in Technology. I've tried ChatGPT, DeepFake and other voice-based solutions
3,12
know,DISAGREE
com_3,AGREE
com_5,AGREE
fai_5,NEUTRAL
rel_2,AGREE
com_2,AGREE
fai_3,NEUTRAL
com_1,AGREE
fai_4,DISAGREE
fai_2,NEUTRAL
rel_1,DISAGREE
rel_5,AGREE
fai_1,DISAGREE
