Prolific ID,613f59d7f0f631a278aca6e8
3214,GRADUATE,1694437086.8560514,1694437090.1311276
3232,GRADUATE,1694437127.0860734,1694437142.679676
648,GRADUATE,1694437150.9308298,1694437164.9695737
3053,GRADUATE,1694437184.0127525,1694437186.2268999
2883,GRADUATE,1694437203.2750895,1694437213.4624481
988,GRADUATE,1694437240.7074645,1694437242.062838
4096,DROPOUT,1694437254.5724294,1694437258.7342627
2781,DROPOUT,1694437269.3010578,1694437272.91374
2791,GRADUATE,1694437282.8095744,1694437289.40884
1576,DROPOUT,1694437295.0739892,1694437299.3615823
2537,GRADUATE,1694437303.008558,1694437312.651632
131,GRADUATE,1694437315.1225953,1694437318.499032
3575,DROPOUT,1694437321.5822172,1694437332.2963972
266,GRADUATE,1694437356.369049,1694437360.1073446
3920,DROPOUT,1694437364.7393394,1694437371.8404765
2,YES,ChatGPT
3,10
know,NEUTRAL
fai_1,AGREE
fai_2,DISAGREE
fai_5,DISAGREE
fai_3,AGREE
com_1,AGREE
com_5,AGREE
fai_4,DISAGREE
rel_2,AGREE
com_2,AGREE
rel_5,NEUTRAL
com_3,AGREE
rel_1,AGREE
