Prolific ID,60525ffb2ced4e76442bfb7d
3920,GRADUATE,1694465193.5460763,1694465195.9256275
3232,DROPOUT,1694465199.1217315,1694465199.360812
