Prolific ID,5ee288b1bd4b2a3ee570c167
2537,GRADUATE,1694465329.4573476,1694465330.3345895
648,GRADUATE,1694465388.3232007,1694465388.9849377
2883,GRADUATE,1694465438.4801183,1694465439.0235145
2791,GRADUATE,1694465453.440029,1694465454.6647835
3920,GRADUATE,1694465486.4594357,1694465487.4435792
988,GRADUATE,1694465518.517308,1694465521.267408
3214,GRADUATE,1694465541.1691306,1694465543.6105545
1576,GRADUATE,1694465562.143915,1694465562.8609848
131,GRADUATE,1694465574.9729736,1694465576.0583289
266,GRADUATE,1694465586.7203183,1694465587.4458103
3232,GRADUATE,1694465595.1107965,1694465596.4159477
3575,GRADUATE,1694465614.5000699,1694465615.3114777
3053,GRADUATE,1694465623.0980775,1694465624.3142462
2781,DROPOUT,1694465643.5387394,1694465644.8073232
4096,GRADUATE,1694465654.5745409,1694465659.0896354
2,YES,ChatGPT
3,13
know,STRONGLY AGREE
com_1,AGREE
com_3,AGREE
fai_4,DISAGREE
rel_2,AGREE
fai_2,STRONGLY DISAGREE
rel_1,DISAGREE
com_5,AGREE
fai_5,DISAGREE
rel_5,AGREE
fai_1,STRONGLY DISAGREE
com_2,NEUTRAL
fai_3,NEUTRAL
