Prolific ID,603d7ba0ecb86cc51ed2e12c
131,GRADUATE,1694465344.352303,1694465352.1807115
4096,DROPOUT,1694465355.5956264,1694465363.4473538
2883,GRADUATE,1694465373.240357,1694465381.4022446
3575,DROPOUT,1694465383.491945,1694465395.0808966
3920,GRADUATE,1694465432.7070148,1694465433.7496848
2781,DROPOUT,1694465437.1836593,1694465439.4868848
3053,GRADUATE,1694465443.1481695,1694465454.014579
3214,GRADUATE,1694465458.9789956,1694465460.181455
1576,DROPOUT,1694465471.626681,1694465471.9952576
2537,GRADUATE,1694465474.8972435,1694465476.567399
2791,GRADUATE,1694465479.0895314,1694465484.1532907
3232,GRADUATE,1694465491.4652767,1694465495.1115916
266,GRADUATE,1694465507.940771,1694465508.5355122
988,DROPOUT,1694465517.865717,1694465520.043042
648,GRADUATE,1694465533.1214037,1694465533.8618772
2,YES,In every day life activities, specially at costumer service.
3,13
know,NEUTRAL
com_2,AGREE
rel_5,AGREE
fai_2,AGREE
com_5,STRONGLY AGREE
fai_5,NEUTRAL
rel_2,AGREE
rel_1,AGREE
fai_4,NEUTRAL
fai_1,NEUTRAL
com_3,NEUTRAL
com_1,AGREE
fai_3,NEUTRAL
