Prolific ID,5f806bf37f20b20843d5e9ce
1576,DROPOUT,1694465427.2745543,1694465427.9269493
3920,DROPOUT,1694465458.8305924,1694465459.398482
131,DROPOUT,1694465490.3449917,1694465491.7445953
3214,GRADUATE,1694465510.2748446,1694465511.2897313
3575,GRADUATE,1694465531.8795836,1694465532.5409272
2781,DROPOUT,1694465708.1140738,1694465709.0519097
3232,DROPOUT,1694465750.271469,1694465750.994799
2883,DROPOUT,1694465780.653356,1694465783.275054
2537,GRADUATE,1694465800.3626368,1694465801.347684
988,DROPOUT,1694466005.4465873,1694466006.0144966
3053,GRADUATE,1694466019.296002,1694466019.9245052
648,GRADUATE,1694466029.223038,1694466030.1372457
4096,GRADUATE,1694466188.1915278,1694466188.834909
2791,GRADUATE,1694466194.7838817,1694466195.5767725
266,GRADUATE,1694466200.8994782,1694466201.5022442
2,YES,At work and in prior studies like these 
3,7
know,AGREE
fai_1,NEUTRAL
com_2,AGREE
com_1,AGREE
rel_5,AGREE
fai_5,NEUTRAL
fai_4,DISAGREE
fai_3,NEUTRAL
com_3,NEUTRAL
rel_2,NEUTRAL
fai_2,DISAGREE
com_5,NEUTRAL
rel_1,NEUTRAL
