Prolific ID,60cf7a91648bda719c06e9f0
1576,GRADUATE,1694465457.1641278,1694465458.2225423
4096,GRADUATE,1694465531.2663171,1694465533.2189567
3232,DROPOUT,1694465575.7538483,1694465576.8456619
2883,GRADUATE,1694465600.49106,1694465602.6763632
3053,DROPOUT,1694465661.4910214,1694465662.5110996
2791,GRADUATE,1694465673.0964866,1694465674.2497227
266,GRADUATE,1694465696.4115582,1694465698.464556
3214,GRADUATE,1694465720.4617817,1694465721.5464823
131,DROPOUT,1694465745.92218,1694465746.8881242
648,GRADUATE,1694465751.7046041,1694465753.3903644
2781,GRADUATE,1694465773.416663,1694465774.039904
3920,GRADUATE,1694465784.0899203,1694465789.926295
2537,GRADUATE,1694465803.677116,1694465804.2247088
3575,DROPOUT,1694465809.9923298,1694465811.265297
988,GRADUATE,1694465817.7983966,1694465819.311693
2,NO,
3,5
know,AGREE
com_5,STRONGLY AGREE
rel_2,DISAGREE
fai_4,STRONGLY DISAGREE
com_1,NEUTRAL
com_3,DISAGREE
fai_3,NEUTRAL
fai_5,AGREE
rel_5,NEUTRAL
fai_1,DISAGREE
com_2,STRONGLY DISAGREE
fai_2,STRONGLY DISAGREE
rel_1,NEUTRAL
