Prolific ID,60eda0f9b4a90f3e0e4a2ae4
131,GRADUATE,1694465405.2987242,1694465406.1927903
3920,GRADUATE,1694465461.8624718,1694465462.6919196
2781,DROPOUT,1694465513.519846,1694465514.2786865
3053,GRADUATE,1694465524.9931087,1694465538.4396338
266,GRADUATE,1694465556.901068,1694465558.527716
1576,GRADUATE,1694465593.3514998,1694465594.185865
2791,GRADUATE,1694465612.7120876,1694465614.1450794
3214,GRADUATE,1694465638.8232422,1694465639.6406984
3575,GRADUATE,1694465659.5096233,1694465660.6689832
2537,GRADUATE,1694465672.337962,1694465674.0523095
648,GRADUATE,1694465687.7214415,1694465688.7979333
3232,GRADUATE,1694465702.363433,1694465703.2130353
988,DROPOUT,1694465722.481397,1694465723.26078
2883,GRADUATE,1694465736.9139643,1694465737.8492234
4096,GRADUATE,1694465750.0380447,1694465750.8117151
2,NO,
3,10
know,AGREE
rel_1,DISAGREE
rel_5,AGREE
fai_3,DISAGREE
rel_2,NEUTRAL
fai_5,DISAGREE
com_3,DISAGREE
com_1,DISAGREE
com_5,AGREE
fai_1,STRONGLY DISAGREE
fai_4,STRONGLY DISAGREE
fai_2,STRONGLY DISAGREE
com_2,DISAGREE
