Prolific ID,5f4d9fd95fe13b0367cf7b32
2781,DROPOUT,1694465520.7193718,1694465521.6657732
131,GRADUATE,1694465529.880406,1694465530.3401232
3920,DROPOUT,1694465589.8441777,1694465590.160181
2791,GRADUATE,1694465603.0387435,1694465603.869671
3232,GRADUATE,1694465614.0398953,1694465614.6140738
1576,GRADUATE,1694465630.6626058,1694465632.813857
2537,GRADUATE,1694465635.260913,1694465639.328992
266,GRADUATE,1694465650.4488206,1694465651.1495867
4096,GRADUATE,1694465680.629619,1694465681.1855671
3214,GRADUATE,1694465685.0650966,1694465685.5069597
2883,GRADUATE,1694465689.0887501,1694465690.7224002
648,GRADUATE,1694465697.6336665,1694465697.988829
988,DROPOUT,1694465701.068001,1694465701.4176927
3053,GRADUATE,1694465702.4605324,1694465704.512414
3575,GRADUATE,1694465717.1166701,1694465718.1835244
2,YES,I tried chatbots and I followed lessons about Ai at university
3,14
know,AGREE
fai_3,DISAGREE
com_1,NEUTRAL
com_5,NEUTRAL
fai_1,STRONGLY DISAGREE
rel_1,AGREE
fai_4,DISAGREE
fai_5,DISAGREE
rel_5,STRONGLY AGREE
rel_2,NEUTRAL
fai_2,STRONGLY DISAGREE
com_3,NEUTRAL
com_2,AGREE
