Prolific ID,64a28867d563defa33ac8d58
2791,GRADUATE,1694465474.70054,1694465480.4682603
2883,DROPOUT,1694465496.3386474,1694465501.225904
131,DROPOUT,1694465518.078741,1694465520.3893533
2537,GRADUATE,1694465545.4599948,1694465546.8859863
3232,GRADUATE,1694465561.1422744,1694465562.0456803
3053,GRADUATE,1694465568.6218786,1694465569.2627096
1576,DROPOUT,1694465576.3284562,1694465578.4779894
3920,DROPOUT,1694465582.3622553,1694465583.209398
4096,DROPOUT,1694465585.7930083,1694465589.756955
648,GRADUATE,1694465592.372453,1694465594.837246
266,GRADUATE,1694465598.0591655,1694465599.0174212
2781,DROPOUT,1694465601.3284943,1694465604.8086739
988,DROPOUT,1694465607.7682862,1694465612.5960927
3214,GRADUATE,1694465615.5597415,1694465617.699937
3575,GRADUATE,1694465621.841828,1694465623.5475574
2,YES,Yes
3,7
know,STRONGLY AGREE
fai_1,STRONGLY AGREE
com_5,STRONGLY AGREE
rel_5,STRONGLY AGREE
com_2,STRONGLY AGREE
com_3,STRONGLY AGREE
fai_5,STRONGLY AGREE
rel_1,STRONGLY AGREE
fai_3,STRONGLY AGREE
com_1,STRONGLY AGREE
fai_4,STRONGLY AGREE
fai_2,STRONGLY AGREE
rel_2,NEUTRAL
