Prolific ID,5f1398cfb075423b3da590ce
1576,DROPOUT,1694465583.8961196,1694465587.3383286
4096,GRADUATE,1694465632.2602913,1694465633.4686494
2781,GRADUATE,1694465704.2272413,1694465705.393755
648,GRADUATE,1694465742.320986,1694465744.0441303
3575,GRADUATE,1694465776.0387251,1694465779.0549996
3214,GRADUATE,1694465821.0713584,1694465822.3167343
988,GRADUATE,1694465858.4467516,1694465860.2679183
2791,GRADUATE,1694465894.7838347,1694465895.960833
3920,DROPOUT,1694465950.3845406,1694465950.8460987
3232,DROPOUT,1694465981.3436759,1694465983.136761
3053,DROPOUT,1694466040.8705552,1694466042.5856688
131,GRADUATE,1694466057.624342,1694466058.9706235
2537,GRADUATE,1694466082.4608536,1694466083.5049038
2883,DROPOUT,1694466126.1918626,1694466127.3879223
266,GRADUATE,1694466143.8917682,1694466155.586747
2,YES,I have use AI tools to assist me in several tasks such as code writing and grammar checks.
3,7
know,AGREE
com_1,DISAGREE
fai_2,DISAGREE
com_3,NEUTRAL
fai_4,NEUTRAL
fai_5,NEUTRAL
com_5,AGREE
rel_1,AGREE
rel_2,NEUTRAL
fai_1,STRONGLY AGREE
com_2,AGREE
fai_3,DISAGREE
rel_5,NEUTRAL
