Prolific ID,60eef7de7fbae0b24bae2a84
1576,DROPOUT,1694465676.2741103,1694465679.712638
2883,GRADUATE,1694465705.1785882,1694465706.4043708
131,GRADUATE,1694465732.46839,1694465733.733147
988,GRADUATE,1694465772.904429,1694465776.2212005
3053,GRADUATE,1694465792.6000257,1694465794.9406488
3920,GRADUATE,1694465823.540599,1694465827.0729783
648,GRADUATE,1694465842.5807867,1694465844.3564517
3214,DROPOUT,1694465857.405944,1694465858.559645
3232,GRADUATE,1694465872.8476937,1694465875.9725256
3575,DROPOUT,1694465898.7840688,1694465899.8810759
2781,DROPOUT,1694465922.5934901,1694465924.97919
4096,GRADUATE,1694465949.1715686,1694465950.2092397
266,GRADUATE,1694465960.9286342,1694465964.40479
2537,GRADUATE,1694466001.0799236,1694466002.9076939
2791,GRADUATE,1694466024.7005565,1694466040.7778094
2,NO,
3,7
know,NEUTRAL
fai_3,AGREE
fai_1,NEUTRAL
rel_5,NEUTRAL
com_3,AGREE
fai_2,AGREE
rel_2,AGREE
rel_1,NEUTRAL
com_1,DISAGREE
com_5,STRONGLY AGREE
fai_5,NEUTRAL
com_2,DISAGREE
fai_4,DISAGREE
